CustomerID,First_Purchase,Recency,Frequency,Monetary,Min,Max,Mean
12747,370,3,11,4196.01,10.2,243.0,40.74
12748,374,1,209,28405.56,0.06,850.5,7.49
12749,214,4,5,3868.2,6.64,114.75,20.56
12820,327,4,4,942.34,6.96,37.8,15.97
12821,215,215,1,92.72,10.2,19.92,15.45
12822,88,71,2,918.98,6.96,102.0,20.63
12823,297,75,5,1759.5,229.5,535.5,351.9
12824,60,60,1,397.12,5.04,47.7,15.88
12826,366,3,7,1468.12,4.56,35.4,16.21
12827,45,6,3,430.15,5.04,44.55,17.21
12828,131,3,6,1018.71,1.0,45.9,18.19
12829,361,337,2,253.05,11.4,79.9,26.64
12830,172,38,6,6748.4,51.84,587.52,179.33
12831,263,263,1,215.05,15.0,42.0,23.89
12832,99,33,2,383.03,2.9,19.8,14.19
12833,146,146,1,417.38,9.95,27.04,17.39
12834,283,283,1,312.38,11.9,25.2,17.35
12836,312,60,4,2610.36,0.85,84.15,15.0
12837,174,174,1,134.1,3.9,25.5,11.18
12838,374,34,2,671.95,0.42,35.4,5.6
12839,368,3,14,5583.62,2.98,70.8,17.81
12840,227,144,4,2714.27,9.96,59.0,24.13
12841,372,5,25,3845.63,0.42,107.28,9.64
12842,309,71,2,1118.99,6.64,122.4,32.91
12843,265,66,8,1680.76,0.78,59.4,16.53
12844,131,30,2,325.96,0.42,17.85,6.27
12845,291,268,4,354.09,0.55,208.8,13.11
12847,23,23,1,843.64,0.38,46.8,10.04
12849,269,32,2,1010.29,0.85,100.0,21.05
12851,97,97,1,131.81,0.12,16.95,2.8
12852,295,295,1,299.75,13.2,34.8,18.33
12853,316,135,6,1881.7,10.2,81.6,25.09
12854,319,79,3,1280.9,1.26,135.2,12.08
12855,373,373,1,38.1,10.2,17.7,12.7
12856,64,8,6,2153.53,0.55,49.92,6.98
12857,303,211,2,1106.4,10.5,68.0,24.05
12863,53,53,1,504.2,15.0,340.0,104.24
12864,139,139,1,147.12,10.2,119.52,49.04
12867,361,27,7,3958.74,0.39,74.7,7.51
12868,374,186,6,1607.06,3.12,31.6,15.02
12871,208,85,2,380.64,5.04,163.2,34.6
12872,366,327,2,599.97,0.95,41.3,9.09
12873,283,283,1,374.0,68.0,102.0,93.5
12875,363,144,2,343.23,49.47,293.76,171.62
12877,359,4,12,1535.77,0.58,79.2,9.97
12878,267,237,2,841.64,8.5,30.6,18.19
12879,92,45,3,552.57,8.5,183.6,57.32
12881,276,276,1,298.0,12.7,195.0,42.57
12882,34,10,2,1463.04,56.4,283.2,112.54
12883,90,25,4,703.47,9.95,29.7,16.75
12884,89,89,1,309.05,17.85,170.0,44.15
12885,124,64,3,1158.27,6.64,46.8,16.55
12886,220,68,2,1351.09,3.75,35.4,16.81
12888,256,215,2,313.77,25.2,106.5,70.82
12890,25,25,1,376.72,0.39,45.0,4.77
12891,293,186,3,331.0,42.0,204.0,110.33
12893,31,31,1,176.55,0.79,37.44,5.7
12895,87,43,2,347.3,12.75,25.0,16.95
12897,302,205,2,216.5,29.7,70.8,54.12
12901,271,9,28,16293.1,0.85,1519.8,152.19
12902,265,265,1,138.68,5.04,17.7,13.87
12904,173,19,2,496.06,0.85,51.0,6.99
12906,79,12,5,2919.81,9.36,360.0,46.35
12908,313,177,2,246.0,318.0,432.0,375.0
12909,254,40,5,2128.83,2.88,290.0,23.94
12910,242,24,8,3075.04,8.4,102.0,41.0
12912,41,3,5,1662.3,20.4,157.92,69.26
12913,369,5,5,2483.63,9.36,204.0,49.67
12915,373,149,2,363.65,9.95,25.5,16.53
12916,321,139,4,2921.15,1.65,163.2,28.59
12917,129,129,1,594.0,297.0,297.0,297.0
12919,170,9,6,1301.44,10.4,107.28,26.7
12920,18,18,1,162.78,0.75,16.95,6.03
12921,374,10,37,16389.74,6.8,178.2,23.04
12922,162,162,1,405.38,7.8,35.4,14.48
12923,65,65,1,172.82,0.42,19.9,6.17
12924,328,89,4,929.95,0.83,152.64,31.12
12925,75,5,2,694.05,5.04,34.68,15.42
12928,360,36,5,2062.7,10.08,126.0,24.56
12929,312,312,1,105.1,10.2,17.85,14.73
12930,172,79,2,409.9,6.72,27.04,16.63
12931,358,22,15,33462.81,6.36,4176.0,512.88
12933,284,25,3,606.28,0.38,52.5,5.73
12935,320,3,7,2156.45,7.8,40.8,16.75
12936,79,18,4,1012.9,0.39,102.0,17.16
12937,268,16,4,1504.27,0.85,81.6,12.54
12938,26,26,1,114.14,6.96,19.8,12.68
12939,335,65,8,11581.8,69.12,650.88,246.42
12940,88,55,2,862.44,2.5,51.0,9.37
12942,366,132,3,675.6,0.39,25.5,9.65
12944,355,36,2,604.51,10.2,39.8,20.15
12945,289,289,1,462.95,15.0,58.0,20.13
12947,374,144,6,1407.29,3.36,130.0,16.54
12948,265,17,7,2053.7,5.04,46.8,17.8
12949,253,31,8,4143.02,5.04,63.6,19.38
12950,25,3,3,1843.0,9.0,179.0,80.13
12951,331,9,6,1042.07,2.9,35.7,16.89
12952,79,6,4,1382.84,6.64,33.9,17.57
12953,10,10,1,329.85,15.0,35.4,19.4
12955,268,2,11,4734.26,2.88,157.92,26.43
12956,307,307,1,108.07,2.5,16.95,5.69
12957,340,10,8,3979.04,2.88,76.5,16.88
12962,114,8,2,266.39,7.44,35.4,16.65
12963,366,9,8,1841.03,9.36,53.1,19.54
12965,90,90,1,769.81,0.78,31.8,7.13
12966,10,10,1,160.18,11.7,25.2,16.02
12967,372,359,2,1194.75,7.8,204.0,87.42
12968,113,113,1,135.95,9.95,61.2,27.19
12970,323,8,4,405.47,0.39,25.5,3.14
12971,373,4,86,10930.26,5.04,220.15,36.69
12974,198,198,1,144.8,11.8,35.7,18.1
12976,212,212,1,738.6,5.04,145.0,33.57
12977,157,157,1,39.24,0.39,20.0,4.36
12980,359,158,9,7092.06,91.8,838.8,368.74
12981,134,30,2,372.22,8.5,34.68,18.61
12982,243,243,1,377.2,1.95,23.4,13.95
12984,19,19,1,97.5,17.7,30.0,24.38
12985,29,1,2,1215.62,2.88,47.4,16.31
12987,198,74,2,545.0,10.2,49.95,19.95
12988,293,293,1,505.82,0.85,29.85,6.09
12989,365,4,15,6854.51,0.39,810.0,108.19
12990,311,32,3,409.5,19.5,58.5,31.5
12991,113,24,2,503.76,5.04,42.5,16.25
12993,299,24,4,414.76,6.96,20.8,15.36
12994,269,5,3,902.22,6.72,25.5,15.97
12995,86,86,1,200.72,38.16,135.0,70.44
12997,318,23,4,1197.94,1.92,83.2,20.79
12999,246,197,3,455.88,5.04,76.5,16.28
13000,365,107,3,534.85,2.88,76.32,17.25
13001,327,5,13,9765.07,0.85,415.0,29.04
13002,319,319,1,120.95,9.95,26.1,17.28
13003,215,106,3,149.05,8.5,60.0,24.84
13004,358,12,18,5613.43,2.88,39.75,14.0
13005,247,174,2,468.95,9.9,75.0,19.76
13006,57,57,1,81.57,4.56,38.25,20.39
13008,324,324,1,178.47,6.96,34.8,16.39
13011,373,373,1,50.55,15.0,17.85,16.85
13012,295,10,8,1296.62,4.68,50.4,18.71
13013,372,2,13,4786.99,5.04,102.0,21.97
13014,282,11,10,3365.43,9.95,175.2,31.8
13015,250,54,5,3339.64,5.04,295.0,19.08
13016,124,74,3,789.89,7.44,34.68,16.81
13017,8,8,1,204.0,204.0,204.0,204.0
13018,296,17,28,7272.75,4.56,83.4,15.89
13021,359,5,9,2584.4,6.64,75.6,19.97
13023,130,65,2,689.9,6.6,45.0,17.25
13026,276,2,5,936.15,4.68,159.36,24.38
13027,355,114,6,6912.0,96.0,576.0,265.85
13028,46,23,2,659.68,6.72,37.44,14.7
13029,354,31,3,1247.5,10.2,449.1,124.75
13030,369,12,2,752.44,1.25,47.4,8.18
13032,88,53,2,996.52,2.08,49.5,14.23
13033,358,358,1,190.55,10.5,19.5,17.32
13034,370,55,2,642.77,5.04,30.0,17.37
13035,261,74,2,886.63,10.2,102.0,34.14
13037,257,139,3,881.07,7.8,47.4,18.36
13038,291,81,3,908.46,9.96,102.0,32.44
13040,34,9,2,676.99,9.36,34.68,15.74
13043,274,274,1,471.57,15.8,120.0,39.72
13044,292,292,1,560.47,5.04,51.0,16.98
13045,100,100,1,305.28,5.04,41.6,16.96
13046,267,31,2,629.31,6.96,85.0,17.98
13047,374,32,10,3079.1,4.95,68.0,18.82
13048,328,15,4,1789.41,0.85,47.2,13.48
13049,319,65,2,656.68,9.9,177.6,46.91
13050,367,15,17,5684.61,0.83,79.6,14.48
13052,213,213,1,348.15,1.7,67.85,19.34
13055,214,79,3,1201.96,4.56,40.8,15.98
13058,152,25,3,271.4,9.95,123.75,33.93
13059,250,250,1,183.4,4.95,89.25,22.92
13060,254,254,1,307.53,10.2,61.2,20.5
13061,73,73,1,248.61,9.96,51.75,24.86
13062,192,192,1,346.98,12.6,102.0,31.54
13064,328,13,4,1105.59,0.42,59.0,16.26
13065,374,374,1,205.86,5.04,23.4,14.7
13066,33,25,2,430.9,1.9,39.9,9.81
13067,83,83,1,115.46,2.08,18.75,7.7
13068,320,11,2,344.0,165.0,179.0,172.0
13069,370,1,24,3713.14,0.38,244.8,10.45
13070,193,193,1,228.8,20.8,41.6,25.42
13072,267,267,1,177.15,14.85,35.4,25.31
13075,130,130,1,919.61,14.85,102.0,41.8
13077,367,2,4,728.02,0.21,81.36,6.56
13078,367,4,26,12432.28,2.28,237.6,35.27
13079,141,5,5,220.1,17.7,95.2,36.68
13080,180,180,1,58.08,3.36,17.4,9.68
13081,372,12,11,27964.48,4.0,207.5,27.67
13082,339,127,9,3595.48,8.5,864.0,49.5
13083,76,5,2,303.75,5.04,34.0,16.88
13085,296,158,2,272.38,10.2,60.0,18.91
13089,370,3,97,57322.13,4.56,788.4,32.39
13090,373,9,14,8689.39,4.68,612.0,57.49
13091,29,29,1,319.82,5.88,39.6,16.47
13092,360,71,5,459.83,4.0,39.8,19.11
13093,374,276,8,7741.47,5.04,272.0,49.26
13094,369,22,12,1708.86,53.1,152.64,80.31
13095,71,71,1,74.4,9.36,17.4,12.4
13097,361,33,10,5886.12,0.85,75.6,14.26
13098,318,2,28,28658.88,2.5,499.2,50.49
13099,100,100,1,207.36,207.36,207.36,207.36
13101,235,235,1,101.19,2.95,25.74,12.65
13102,366,2,24,6336.29,2.88,257.76,21.13
13103,40,40,1,243.94,11.4,51.0,30.49
13104,355,4,6,1098.48,10.08,162.72,54.92
13106,134,134,1,59.5,76.5,76.5,76.5
13107,334,45,4,1524.07,6.96,107.4,26.41
13108,373,373,1,350.06,7.8,102.0,35.01
13109,158,60,2,766.84,6.84,51.0,16.73
13110,312,32,7,1452.87,0.42,47.7,10.27
13113,367,1,24,10510.0,0.85,1700.0,61.23
13115,185,12,4,2205.63,4.56,59.5,19.12
13116,139,139,1,485.19,5.04,31.9,16.7
13117,373,22,8,984.91,1.92,35.95,12.96
13118,289,20,5,1125.0,0.65,67.5,15.16
13120,239,239,1,30.6,30.6,30.6,30.6
13121,270,270,1,254.73,1.3,20.28,5.67
13122,241,95,2,922.39,5.04,30.6,16.77
13124,360,90,3,3756.33,0.78,114.75,16.92
13126,367,5,8,2056.29,2.34,47.7,15.0
13127,78,78,1,259.17,8.5,34.68,17.28
13130,95,95,1,64.0,25.0,39.0,32.0
13131,188,24,3,1039.3,8.5,119.4,24.39
13132,262,262,1,77.3,15.3,45.0,25.77
13133,305,274,2,109.8,9.95,19.9,15.69
13134,241,86,4,1740.63,6.8,61.2,18.3
13135,197,197,1,3096.0,3096.0,3096.0,3096.0
13136,213,57,5,2545.38,9.36,51.0,20.53
13137,309,11,8,3557.96,0.12,39.6,5.24
13138,373,23,6,962.39,9.0,30.0,15.28
13139,260,17,7,5055.79,6.64,117.0,29.79
13140,367,109,3,422.47,1.25,31.8,9.39
13141,316,85,5,2385.8,2.5,71.4,17.69
13142,20,20,1,307.09,2.89,30.6,13.35
13144,333,333,1,110.95,23.6,63.75,36.98
13145,373,40,4,614.77,15.0,295.0,103.09
13146,27,27,1,228.91,1.65,51.0,13.47
13147,100,11,4,712.8,118.8,237.6,178.2
13148,365,30,12,3324.62,0.39,62.5,11.81
13149,290,15,4,1676.06,6.0,76.5,19.49
13151,296,296,1,1250.37,1.7,35.4,17.0
13153,6,6,1,486.22,6.24,140.4,32.41
13155,369,34,4,971.76,0.42,46.8,11.43
13157,299,50,4,1721.57,5.04,60.0,20.01
13158,319,95,4,1201.06,3.36,35.4,15.2
13159,116,9,4,1371.25,1.25,74.7,11.91
13160,23,23,1,91.8,15.0,34.8,22.95
13161,314,314,1,112.75,1.25,27.0,14.09
13162,335,123,4,1644.99,3.75,78.3,21.37
13165,352,47,2,1021.48,2.88,102.0,24.32
13166,284,284,1,414.7,2.5,31.8,10.18
13167,144,19,4,791.33,0.42,41.76,12.17
13168,319,37,4,1290.54,1.25,59.0,10.31
13169,253,64,2,712.88,7.9,153.0,54.84
13170,27,27,1,108.81,0.78,10.2,3.63
13171,300,22,3,426.81,1.25,83.2,10.18
13173,368,5,2,353.65,0.42,30.0,8.22
13174,370,17,3,2742.82,0.42,49.95,9.36
13176,47,47,1,481.49,0.55,30.24,7.19
13177,65,65,1,282.45,12.6,19.8,16.61
13178,361,27,11,5725.47,8.5,85.92,21.61
13182,46,46,1,121.18,5.04,15.0,11.02
13183,335,8,9,3957.78,0.79,177.6,42.1
13184,291,15,10,1616.45,0.6,60.0,9.32
13185,268,268,1,71.4,71.4,71.4,71.4
13186,129,40,3,1539.69,2.5,50.4,19.95
13187,338,338,1,236.02,0.85,19.9,6.38
13188,12,12,1,114.6,15.0,99.6,57.3
13189,116,19,2,260.68,2.88,18.72,8.99
13192,206,96,2,911.94,5.04,29.7,14.48
13193,62,62,1,112.08,1.25,16.95,4.48
13194,136,136,1,60.7,9.0,34.0,20.23
13196,263,12,4,1797.78,5.04,53.1,16.34
13198,362,11,6,3384.09,2.52,42.0,15.05
13199,367,4,38,9803.96,5.76,408.0,82.5
13200,127,20,4,870.09,2.88,76.32,18.92
13203,243,10,4,869.46,4.56,39.95,15.25
13207,151,16,2,250.26,6.72,71.4,31.28
13208,310,59,6,1199.65,0.39,47.2,8.23
13209,362,31,8,5820.16,1.25,85.92,18.35
13210,94,94,1,353.48,10.2,30.24,16.07
13211,362,11,3,1095.42,1.25,204.0,19.92
13212,62,20,3,779.33,0.39,50.0,5.58
13213,200,57,5,1518.43,2.88,59.4,16.9
13216,268,268,1,333.74,10.5,92.5,66.75
13217,157,123,3,133.62,52.02,239.04,133.5
13218,128,128,1,62.64,5.88,19.8,12.53
13220,237,79,4,819.29,0.85,166.8,39.01
13221,360,241,2,847.41,1.45,59.4,12.84
13223,233,201,2,163.2,15.0,100.8,32.64
13224,152,61,2,2150.85,2.95,135.0,19.96
13225,362,4,7,6083.04,56.16,568.8,202.0
13226,274,274,1,108.21,0.85,15.0,6.76
13227,202,202,1,257.7,10.5,67.5,28.63
13228,82,82,1,358.0,179.0,179.0,179.0
13229,226,226,1,160.95,13.05,21.9,16.1
13230,366,5,14,2712.07,0.29,85.0,4.69
13232,244,13,7,1328.35,0.39,36.0,6.58
13233,337,75,2,605.12,4.56,46.8,14.07
13235,213,213,1,101.17,1.3,75.6,17.78
13236,107,25,2,727.27,11.7,40.56,20.69
13238,361,18,4,680.83,12.48,104.0,22.6
13239,262,262,1,329.56,2.34,44.55,15.69
13240,366,97,4,663.65,1.65,30.6,9.91
13242,214,113,3,270.4,20.8,20.8,20.8
13243,204,204,1,585.12,1.25,34.0,10.27
13244,93,93,1,121.74,1.45,9.95,4.51
13245,51,51,1,430.5,9.9,38.25,26.91
13246,331,19,6,1896.32,0.65,174.0,14.42
13247,83,18,4,501.12,5.1,52.02,20.04
13248,190,125,2,465.68,9.96,31.6,17.91
13249,262,93,3,711.41,0.57,152.64,30.93
13253,340,157,2,1030.4,4.56,180.0,28.62
13255,374,10,2,390.66,14.95,90.0,30.73
13258,206,12,3,672.83,2.1,81.6,18.69
13259,62,62,1,283.18,0.21,25.5,3.5
13260,62,62,1,557.62,16.6,219.0,69.7
13261,286,269,2,944.1,67.5,135.0,104.9
13262,264,264,1,200.29,6.96,51.0,18.21
13263,326,2,35,7436.93,0.19,122.4,4.46
13265,274,54,5,2092.66,4.0,232.0,23.25
13266,257,12,12,3717.67,4.56,117.0,20.5
13267,367,3,19,4404.44,8.2,76.5,21.43
13268,268,18,11,3127.7,0.38,60.0,7.33
13269,370,2,15,5312.97,0.84,177.6,16.96
13270,367,367,1,590.0,590.0,590.0,590.0
13271,38,38,1,172.37,0.19,15.3,2.43
13272,90,32,2,276.56,13.5,29.7,18.44
13273,114,114,1,138.98,2.52,24.9,8.69
13276,100,64,2,590.93,11.5,46.0,19.7
13277,134,16,4,258.4,25.0,49.5,32.3
13278,41,41,1,542.73,0.55,39.84,11.8
13279,79,79,1,126.3,2.34,25.5,15.31
13280,338,123,3,798.46,0.55,21.9,9.74
13282,221,19,3,1047.84,9.96,91.8,30.6
13283,186,60,2,93.66,4.56,20.8,13.38
13284,331,331,1,196.15,5.04,25.5,15.48
13285,291,24,4,2709.12,5.04,33.0,14.49
13291,156,156,1,361.11,0.42,34.8,8.6
13292,285,39,2,578.94,9.95,39.6,18.68
13294,250,190,2,873.74,9.95,31.8,16.18
13295,360,360,1,197.95,15.9,25.2,20.12
13296,138,138,1,87.4,10.5,34.0,17.48
13297,68,8,4,2089.85,8.5,102.0,35.42
13298,2,2,1,360.0,90.0,270.0,180.0
13299,269,269,1,142.5,17.7,59.7,28.5
13300,170,170,1,365.29,5.04,30.0,18.59
13301,293,104,4,618.09,0.48,34.0,7.63
13302,156,156,1,63.75,63.75,63.75,63.75
13304,352,352,1,300.42,5.04,19.5,14.31
13305,373,5,10,2000.86,9.36,63.6,24.7
13307,121,121,1,15.0,15.0,15.0,15.0
13308,204,23,3,1367.61,9.36,149.4,25.66
13309,309,8,5,1456.79,2.52,40.5,13.61
13310,325,29,3,1083.63,9.96,30.0,15.72
13311,151,5,2,598.57,3.0,78.96,23.02
13313,340,23,5,1555.32,5.04,59.4,19.94
13314,74,2,3,593.51,2.28,29.7,12.52
13316,255,38,4,5570.69,0.21,330.0,66.66
13317,359,67,6,2140.07,9.36,40.8,18.34
13318,38,2,3,640.76,9.96,102.0,32.04
13319,366,6,26,10664.34,8.5,153.0,22.78
13320,214,79,4,1475.2,6.64,25.0,14.59
13321,87,73,2,567.36,17.7,232.0,51.58
13322,18,18,1,199.48,1.25,45.0,7.98
13323,85,4,5,787.85,14.85,204.0,37.52
13324,361,37,10,7072.8,12.6,350.4,94.96
13325,82,82,1,675.3,10.5,133.0,56.28
13327,366,39,8,3617.57,6.6,99.6,33.59
13328,317,317,1,1308.48,10.08,266.4,76.97
13329,367,32,2,740.4,10.5,131.4,46.41
13330,316,93,3,1140.93,6.8,79.2,21.53
13332,15,15,1,350.9,10.08,23.6,16.71
13334,306,83,3,3502.32,0.65,81.6,13.22
13336,78,78,1,795.12,6.96,30.0,15.59
13338,158,158,1,431.82,6.96,130.8,25.63
13339,201,201,1,860.12,6.96,34.0,15.93
13340,277,46,7,10736.48,10.08,414.72,80.12
13341,261,261,1,775.85,7.8,87.6,18.47
13343,178,178,1,303.93,8.5,50.0,18.6
13344,278,68,3,2511.69,6.64,290.0,21.65
13345,288,288,1,377.6,12.6,50.0,19.48
13347,71,71,1,341.36,30.0,59.4,42.67
13348,65,65,1,233.76,9.96,29.7,16.7
13349,11,11,1,247.32,4.68,50.0,15.46
13350,80,17,2,910.72,5.8,61.2,24.48
13351,67,67,1,373.94,14.85,50.0,23.37
13352,61,61,1,389.28,6.96,50.0,16.58
13354,72,72,1,743.53,5.04,39.6,14.58
13355,123,123,1,674.7,8.5,102.0,21.08
13356,81,81,1,768.24,5.8,47.7,18.29
13357,258,258,1,609.4,0.55,40.8,6.85
13358,269,269,1,439.03,2.88,50.0,15.14
13359,64,64,1,431.26,9.96,50.0,19.11
13362,288,10,4,3085.49,4.56,59.4,18.62
13363,44,18,2,992.5,2.88,50.0,16.54
13365,218,34,2,2191.22,5.04,76.5,17.39
13366,51,51,1,56.16,56.16,56.16,56.16
13368,338,257,2,623.4,10.08,50.0,21.5
13369,366,366,1,263.75,10.08,50.0,22.02
13370,372,372,1,721.32,10.2,39.8,19.36
13372,90,90,1,378.64,6.96,50.0,16.46
13373,277,61,3,3312.25,2.88,123.75,20.96
13375,89,89,1,772.9,6.96,102.0,21.04
13376,235,100,3,1019.76,5.8,50.0,19.24
13379,137,27,3,572.56,0.39,33.0,5.9
13381,299,32,6,3626.81,7.8,102.0,21.16
13382,281,281,1,222.99,9.95,19.8,14.87
13384,179,31,7,4122.28,8.4,232.0,27.32
13385,330,330,1,534.57,5.04,49.9,15.27
13388,132,132,2,627.15,5.04,53.1,19.35
13389,233,12,3,797.96,5.04,30.0,15.65
13390,75,75,1,544.08,15.0,119.4,41.85
13391,204,204,1,59.8,59.8,59.8,59.8
13394,310,2,8,2312.8,1.9,75.6,16.26
13395,186,186,1,307.72,1.92,31.9,14.65
13396,320,30,2,1325.29,8.5,118.8,31.65
13397,340,73,5,1539.18,8.5,162.72,40.64
13398,193,193,1,457.34,9.95,35.7,17.59
13402,373,128,2,621.23,2.28,53.1,15.93
13403,18,18,1,75.0,15.0,45.0,25.0
13404,213,2,2,252.49,9.96,63.75,22.95
13405,318,75,3,572.45,0.0,39.8,21.2
13408,374,2,62,27487.41,0.39,306.0,58.82
13410,292,25,5,988.91,5.04,70.2,35.82
13411,108,108,1,213.55,2.1,34.65,11.86
13414,297,134,3,1390.5,10.08,432.0,57.94
13416,82,44,2,712.5,17.0,79.2,37.5
13417,206,5,2,640.83,12.48,37.5,22.89
13418,373,12,18,5845.44,2.49,250.0,20.16
13419,64,64,1,221.06,5.04,25.2,13.82
13420,171,150,2,140.35,10.5,38.25,19.98
13421,291,41,2,1831.61,0.42,81.6,17.98
13422,65,65,1,2601.55,8.2,75.0,20.68
13425,295,109,3,1624.21,6.64,88.8,20.82
13426,360,1,10,3550.7,5.04,149.4,23.19
13427,216,20,3,582.6,6.96,79.2,20.09
13428,11,11,1,201.78,0.38,8.5,2.84
13429,76,11,4,1006.8,4.56,51.0,15.03
13430,87,19,2,648.69,2.28,51.0,13.87
13431,89,68,2,1269.1,6.64,183.6,27.59
13434,97,75,2,534.24,6.6,177.6,53.42
13435,190,6,7,3794.49,1.25,180.0,37.72
13436,2,2,1,196.89,10.2,25.5,16.41
13437,191,15,7,3408.06,6.72,102.0,20.41
13439,256,256,1,283.71,0.42,20.4,5.25
13441,92,92,1,296.64,9.96,81.12,22.82
13447,36,24,3,1104.23,4.68,53.55,19.14
13448,374,17,6,3460.99,0.85,60.0,18.22
13449,24,24,1,291.88,5.04,34.0,15.36
13450,219,27,6,2043.72,10.08,103.68,28.78
13451,335,27,5,2838.56,0.36,39.8,6.69
13452,271,260,2,590.0,295.0,295.0,295.0
13453,290,166,2,356.98,11.9,39.8,21.0
13455,367,25,2,1007.35,7.8,63.75,23.01
13456,208,18,6,1737.82,5.04,207.5,28.04
13458,360,8,14,9537.92,4.56,122.4,25.25
13460,50,30,2,183.44,4.68,17.0,10.79
13461,164,39,3,1445.0,19.8,163.8,53.52
13462,253,253,1,143.25,10.2,19.8,16.83
13464,59,59,1,674.68,6.96,30.0,16.46
13466,185,185,1,297.95,10.2,35.4,18.11
13467,37,11,2,1071.91,0.78,39.8,10.94
13468,374,2,37,5656.75,3.1,163.2,18.89
13470,116,100,2,165.0,16.5,16.5,16.5
13471,48,2,4,2501.84,0.39,45.0,9.85
13473,333,61,2,417.54,5.04,45.0,20.13
13474,237,237,1,226.84,0.42,12.75,3.66
13475,299,192,4,1431.78,6.96,76.32,16.65
13476,282,179,2,1092.77,11.6,125.0,21.35
13477,292,38,6,1441.53,5.04,76.5,18.41
13479,235,201,2,291.0,9.95,39.6,20.06
13481,257,46,5,1776.81,5.04,41.6,16.56
13482,233,233,1,184.64,6.96,20.28,16.79
13483,66,66,1,140.34,10.08,30.0,14.03
13484,242,242,1,313.8,15.9,67.5,39.22
13485,234,234,1,454.24,10.2,70.8,19.75
13486,156,79,3,1122.41,4.56,39.6,16.27
13487,354,58,3,575.4,10.2,35.4,16.92
13488,368,18,13,8910.61,5.04,238.8,21.25
13489,295,106,4,449.52,7.8,158.4,32.11
13491,373,52,10,1215.82,2.28,30.6,14.14
13494,312,312,1,316.26,8.5,35.4,17.57
13495,369,8,5,1990.12,10.08,135.0,42.6
13496,360,11,2,617.93,5.04,70.8,18.67
13497,369,283,2,321.05,9.9,35.4,18.32
13499,270,18,5,1146.96,6.96,102.0,27.6
13500,123,24,3,1136.77,10.08,39.6,17.95
13502,324,17,3,292.0,4.2,59.4,16.22
13503,72,72,1,216.85,8.2,23.9,12.76
13504,65,65,1,295.93,4.68,22.5,13.45
13506,370,317,2,452.82,9.95,30.0,17.64
13507,146,4,4,2479.16,4.56,39.6,15.3
13508,244,244,1,110.97,2.5,17.85,9.25
13509,285,9,7,979.72,7.56,127.2,22.27
13510,184,2,4,1785.16,5.04,40.8,15.58
13512,261,261,1,251.21,9.95,30.0,16.75
13513,127,127,1,205.1,9.9,60.0,20.51
13514,74,74,1,152.2,35.4,41.5,38.05
13515,248,73,4,891.12,6.96,35.4,15.1
13516,239,22,3,1389.41,9.96,180.0,31.58
13517,180,60,3,2109.07,2.34,35.4,15.1
13518,86,86,1,627.16,8.5,35.4,17.42
13519,79,79,1,110.8,11.9,23.9,15.34
13521,11,2,3,1071.73,0.19,17.0,2.56
13522,31,31,1,125.8,15.0,35.7,25.16
13523,367,34,5,3755.38,6.64,165.0,23.05
13524,220,41,5,680.18,5.9,40.8,25.19
13525,249,15,2,628.78,23.9,232.0,104.8
13527,327,34,7,2218.61,1.26,35.8,10.33
13529,205,79,2,307.76,9.96,50.85,20.52
13531,367,206,2,483.8,10.5,41.6,21.99
13532,34,34,1,210.31,0.85,30.0,3.19
13533,268,183,3,269.09,0.65,13.05,3.59
13534,359,3,25,5613.08,1.95,41.6,19.83
13536,76,2,7,3444.39,0.42,89.1,19.35
13538,316,44,7,1280.85,17.85,70.8,51.23
13539,310,86,3,605.84,10.08,33.9,17.06
13544,241,40,2,276.06,0.29,13.52,3.54
13546,201,13,3,621.09,0.29,38.25,6.4
13548,244,97,2,678.16,0.42,54.18,5.51
13549,243,26,7,916.12,6.8,45.0,18.0
13551,320,320,1,91.8,17.85,38.25,22.95
13552,316,67,12,3539.53,6.64,119.52,34.31
13555,202,74,4,4098.88,0.85,122.4,30.36
13557,281,29,2,584.06,9.96,60.0,17.18
13558,69,6,4,594.52,0.38,16.6,3.52
13560,8,8,1,171.42,0.79,14.75,5.36
13561,216,216,1,141.86,1.65,81.6,10.13
13562,246,82,3,1799.33,6.96,53.55,21.94
13563,141,85,2,777.53,0.39,165.0,15.87
13564,369,145,3,623.39,2.94,550.64,21.29
13565,335,20,2,240.22,0.85,30.0,6.32
13566,83,41,2,856.84,0.38,47.6,5.07
13568,174,174,1,187.05,0.85,11.8,4.35
13569,368,18,2,338.62,0.42,16.95,4.29
13570,244,244,1,239.49,0.85,40.56,8.87
13571,254,13,12,2088.94,0.42,20.8,6.14
13572,206,206,1,1384.25,8.85,157.92,41.95
13573,254,51,2,290.25,0.39,41.25,11.61
13575,177,24,5,732.07,6.96,41.6,15.91
13576,374,11,18,6703.3,1.25,244.08,53.31
13577,242,26,4,1658.3,8.5,99.0,20.33
13579,370,15,2,467.04,8.95,47.7,20.31
13581,310,310,1,118.0,1.45,31.8,11.8
13583,156,156,1,781.03,4.56,31.6,14.74
13584,307,307,1,142.4,0.85,27.25,5.93
13587,64,64,1,347.0,19.8,299.4,89.05
13588,256,16,9,2445.12,0.39,39.6,14.25
13589,180,15,2,379.65,2.9,30.6,18.08
13590,304,12,6,1976.12,5.04,113.76,22.78
13591,267,65,3,1117.13,8.5,76.5,19.26
13592,265,36,4,247.96,6.8,32.85,15.5
13593,337,109,5,1965.08,2.2,59.5,15.84
13594,53,53,1,396.97,2.5,33.0,15.27
13596,13,6,2,664.11,0.39,24.9,4.55
13598,48,48,1,147.29,0.85,25.5,4.57
13599,367,2,21,5026.85,1.45,165.0,20.93
13600,313,313,1,219.52,1.25,44.85,11.55
13601,212,46,2,693.32,0.55,29.7,7.0
13602,65,65,1,428.89,6.64,30.24,18.65
13603,27,27,1,164.34,1.17,17.9,6.09
13606,312,30,3,276.75,0.85,30.6,6.92
13607,41,41,1,675.51,0.19,25.0,6.96
13610,286,13,7,1065.88,0.39,34.0,5.03
13611,360,90,3,1140.8,0.85,60.84,16.03
13614,331,25,4,1585.46,0.24,50.85,8.13
13615,319,319,1,399.99,9.9,40.56,18.16
13617,181,41,3,544.18,0.95,57.75,12.37
13618,174,174,1,177.34,3.48,30.0,13.64
13621,117,117,1,213.85,2.88,20.0,11.26
13623,298,31,5,652.4,0.42,109.5,9.33
13626,253,253,1,257.23,6.96,19.8,13.54
13627,358,60,5,1624.02,1.92,203.52,17.81
13629,339,24,11,7792.36,6.96,358.0,132.07
13630,286,6,7,1995.68,1.25,158.4,28.62
13631,268,100,11,3021.77,40.0,850.0,279.13
13632,244,25,5,2114.68,0.42,60.48,14.61
13634,328,34,5,1547.36,0.39,51.0,8.32
13635,68,68,1,1071.03,5.04,45.0,17.27
13636,286,37,5,941.62,2.88,34.0,15.07
13637,227,53,3,804.3,0.55,25.5,8.12
13638,16,16,1,122.64,9.36,25.5,15.33
13639,75,75,1,1033.34,9.36,237.6,25.83
13642,216,216,1,312.28,0.42,29.4,5.48
13643,186,32,3,519.44,5.04,35.4,18.55
13644,106,17,4,2597.52,4.56,37.5,17.97
13645,121,121,1,252.1,19.9,90.0,50.42
13647,235,10,4,1640.22,10.5,207.5,21.13
13649,367,257,2,346.6,1.65,83.4,15.07
13650,268,17,6,1809.34,6.64,70.8,19.13
13651,40,36,2,94.2,13.5,17.4,15.7
13652,369,46,3,1095.08,9.9,27.04,17.38
13654,274,44,6,2707.33,2.88,53.1,16.31
13655,242,115,2,932.97,3.61,39.8,16.66
13656,338,165,2,379.65,1.25,35.4,7.75
13657,202,11,2,382.14,6.3,67.5,23.88
13658,205,10,5,2421.47,9.9,167.0,24.44
13659,321,206,2,1540.65,0.95,67.2,15.17
13662,260,86,3,862.58,7.8,34.8,16.95
13663,180,180,1,189.47,5.04,19.8,14.57
13666,288,61,3,84.65,1.65,20.4,7.05
13667,150,150,1,299.05,0.19,15.8,3.6
13668,363,3,21,6162.31,0.85,203.52,13.63
13669,150,51,2,218.55,4.8,40.8,24.28
13670,76,76,1,349.7,5.04,30.0,13.99
13673,33,19,2,387.44,0.95,49.5,6.46
13675,285,152,2,486.82,6.6,35.4,19.47
13678,152,152,1,232.6,4.8,19.0,14.54
13680,340,2,4,2199.01,0.79,306.0,19.17
13681,156,18,4,827.83,2.85,41.25,14.52
13682,188,188,1,59.5,17.0,25.5,19.83
13684,286,286,1,62.13,0.85,7.5,2.25
13685,61,3,7,3119.44,0.39,1170.0,79.99
13686,183,183,1,72.0,8.5,10.5,9.0
13689,64,64,1,910.0,15.0,179.0,151.67
13690,60,60,1,172.25,7.8,44.85,19.14
13692,237,25,3,1466.87,6.96,118.8,28.08
13694,374,4,50,62690.54,2.32,622.5,114.51
13695,260,32,15,2504.13,9.96,158.4,27.82
13697,39,39,1,151.3,6.96,19.8,12.61
13699,156,156,1,308.58,9.48,31.8,22.04
13700,328,27,10,2248.63,0.29,99.6,11.59
13703,319,319,1,99.5,99.5,99.5,99.5
13704,89,6,9,2295.31,2.88,51.0,17.22
13705,374,8,3,711.86,7.8,165.0,25.42
13706,303,303,1,330.79,7.8,39.9,16.54
13707,316,268,2,806.41,6.96,60.0,16.8
13708,272,272,1,285.33,1.45,17.7,5.82
13709,316,4,13,6228.71,5.04,177.6,18.83
13710,32,32,1,180.48,4.56,67.2,22.56
13711,219,219,2,252.06,10.5,31.6,19.39
13712,247,247,1,228.84,10.2,40.8,22.88
13715,373,282,5,1051.99,1.1,35.4,10.36
13716,270,270,1,138.28,2.34,20.4,6.58
13717,299,33,6,1432.26,1.95,34.68,14.17
13718,296,247,2,306.55,10.0,111.6,25.55
13719,235,16,5,1041.68,5.04,52.2,17.36
13720,255,117,4,799.9,10.2,79.2,18.6
13721,37,37,1,524.14,6.96,39.6,18.72
13722,283,132,3,2369.16,6.8,85.0,27.95
13723,218,218,1,199.85,19.75,49.75,33.31
13725,309,50,8,1809.81,4.56,136.0,19.04
13726,101,39,2,1079.66,4.68,179.0,25.71
13727,34,29,2,333.48,8.5,47.7,16.67
13728,311,37,6,1016.14,10.2,25.5,16.13
13730,162,136,2,752.6,5.04,39.6,17.5
13731,247,220,2,610.59,10.2,23.4,16.07
13732,29,29,1,491.86,5.04,30.0,14.9
13735,235,25,4,2764.48,0.83,71.4,14.79
13736,261,6,2,721.9,0.29,19.9,3.84
13737,201,201,1,339.6,1.25,73.95,11.32
13739,19,19,1,216.9,41.7,91.8,72.3
13740,241,241,1,350.75,5.04,31.8,15.25
13741,218,72,3,666.33,10.5,47.7,19.66
13742,321,17,12,3079.27,0.42,51.0,9.93
13743,260,3,7,1340.15,10.2,70.2,32.72
13744,293,96,2,1080.52,0.75,41.76,17.15
13745,163,163,1,291.54,4.56,28.44,12.0
13747,374,374,1,79.6,79.6,79.6,79.6
13748,374,96,5,948.25,9.36,204.0,33.87
13750,337,54,5,1647.26,12.75,325.44,68.64
13751,289,289,1,296.25,2.5,165.0,32.92
13752,247,125,6,1175.38,1.25,75.0,15.67
13753,288,288,1,741.26,10.2,67.5,21.18
13754,318,152,2,282.6,10.2,52.2,23.55
13755,64,4,9,2101.39,0.19,59.4,6.57
13756,368,3,14,5145.12,4.68,355.2,36.55
13758,374,12,7,3190.55,0.42,102.0,27.27
13759,72,34,2,659.41,13.0,157.92,26.38
13760,257,55,2,286.79,0.42,20.65,5.03
13761,180,51,2,1070.65,5.04,30.0,15.3
13763,64,64,1,1689.46,50.0,180.0,114.33
13764,338,71,3,1519.42,0.55,25.0,7.34
13767,374,3,37,16945.71,10.08,532.8,46.79
13769,368,3,10,2771.87,1.95,157.92,20.71
13771,248,65,4,2631.7,6.64,102.0,22.14
13772,240,34,3,1122.63,0.39,74.25,6.49
13774,82,82,1,345.0,10.2,24.9,15.68
13777,374,1,33,25748.35,1.44,1383.12,131.86
13778,104,104,1,178.7,8.25,30.0,19.86
13780,171,8,2,360.01,1.25,85.8,6.32
13781,251,251,1,127.84,3.38,25.5,7.52
13782,328,13,6,908.86,1.25,24.96,8.04
13784,333,10,11,2462.79,17.7,199.68,79.44
13786,368,368,1,230.4,11.4,81.6,32.91
13787,365,76,2,309.04,1.65,24.96,9.97
13790,5,5,1,348.8,3.48,18.72,7.75
13791,169,128,2,1047.68,72.0,290.0,137.82
13792,288,67,2,195.55,10.2,23.4,15.04
13798,373,2,57,36352.87,0.39,424.5,106.46
13799,295,117,2,688.86,10.2,50.4,17.66
13800,310,310,1,558.32,5.04,46.8,16.92
13801,67,67,1,324.8,6.6,20.4,14.12
13802,312,139,3,3906.27,4.68,330.0,76.66
13803,256,256,1,277.07,10.2,23.4,16.3
13804,290,31,7,2588.39,6.64,69.36,19.17
13805,130,53,2,924.6,20.52,169.0,71.12
13806,64,64,1,256.38,12.48,65.4,25.64
13807,368,368,1,112.6,12.7,19.8,16.09
13808,97,6,5,1747.66,4.56,106.2,23.0
13819,320,302,3,1140.35,13.2,66.0,31.68
13821,262,145,2,385.64,1.68,25.5,6.54
13822,41,6,2,632.0,0.65,123.9,6.58
13823,92,19,2,957.66,10.5,91.8,23.94
13824,311,33,5,1698.94,9.0,207.5,36.93
13826,177,177,1,174.65,13.2,29.7,18.95
13827,144,58,3,409.8,0.39,19.9,4.45
13828,23,23,1,209.49,8.5,17.7,13.97
13831,370,17,6,2198.45,1.25,326.4,30.53
13832,20,20,1,40.95,15.0,19.8,17.4
13833,160,160,1,383.85,0.95,30.0,13.71
13835,216,26,4,834.57,5.8,31.8,15.17
13837,318,212,2,266.59,1.25,45.0,14.81
13838,370,6,4,674.82,0.42,19.9,4.09
13841,253,253,1,85.0,85.0,85.0,85.0
13842,367,59,9,3385.62,4.35,50.85,16.44
13844,12,12,1,361.62,10.2,35.4,18.08
13845,65,65,1,312.98,9.96,102.0,34.78
13846,361,25,3,847.61,7.8,30.6,15.73
13848,367,93,3,1255.0,50.0,480.0,251.0
13849,171,52,2,1537.95,2.88,39.6,15.23
13850,130,130,1,1586.81,8.2,30.6,17.16
13851,289,96,3,2651.46,6.8,888.0,32.73
13853,58,58,1,1056.94,9.36,175.2,47.4
13854,366,9,25,8025.02,6.8,350.4,73.72
13856,204,169,3,363.4,8.5,93.6,27.75
13858,58,58,1,216.17,10.2,30.6,19.65
13859,327,327,1,201.16,1.68,19.9,7.18
13860,87,2,5,1240.0,4.68,29.88,16.39
13862,333,19,8,2187.31,6.8,45.0,15.89
13863,248,248,1,299.56,7.8,30.0,15.29
13865,290,59,4,501.56,6.6,25.5,16.72
13866,75,75,1,145.67,11.5,34.68,20.81
13867,219,32,3,1005.09,8.2,63.6,16.75
13868,39,8,2,3192.54,1.45,2685.0,96.74
13869,358,124,4,3083.65,0.42,35.7,10.14
13870,288,3,8,2751.25,5.04,207.5,24.1
13871,309,23,13,6389.8,5.04,67.2,19.06
13873,310,120,3,381.7,6.96,30.0,16.94
13874,359,359,1,540.45,10.5,178.75,30.02
13875,302,54,5,1786.79,4.56,178.2,17.18
13876,64,64,1,122.7,12.6,23.9,17.53
13877,87,87,1,117.24,17.4,69.6,39.08
13878,55,55,1,1271.57,9.96,99.6,36.33
13880,368,22,13,3219.77,5.04,59.4,19.51
13881,312,4,20,16989.52,8.5,612.0,96.4
13882,65,3,5,1131.28,3.48,59.85,18.33
13883,254,11,5,2538.75,6.8,51.0,18.83
13884,284,8,5,781.3,0.85,69.3,13.35
13885,201,190,2,506.8,6.6,51.0,18.1
13886,72,72,1,243.56,9.96,20.0,15.22
13887,205,205,1,349.55,9.96,32.7,18.4
13888,219,120,2,595.67,2.5,30.0,15.27
13889,93,93,1,416.9,14.85,50.4,27.79
13890,359,2,10,1860.86,3.1,39.6,17.13
13892,247,27,4,632.97,3.04,114.84,23.44
13893,298,298,1,821.1,15.9,306.0,39.1
13894,311,24,3,535.97,7.8,76.32,20.91
13895,165,29,4,2588.12,6.8,180.0,21.98
13897,51,51,1,311.16,9.36,53.1,18.3
13898,326,326,1,155.93,4.56,22.5,12.99
13899,275,17,2,388.52,10.2,51.0,20.45
13900,263,184,3,740.95,5.04,102.0,17.23
13901,319,73,5,2867.2,4.56,59.95,19.24
13904,295,38,2,332.64,5.04,19.8,12.79
13908,277,80,4,2347.05,6.8,124.8,19.42
13911,309,58,9,2580.91,5.04,119.52,17.44
13914,37,12,2,613.95,6.64,59.4,18.98
13917,192,50,2,272.04,2.28,30.6,15.11
13918,254,50,2,1212.84,15.0,254.4,40.43
13922,352,352,1,172.25,12.6,39.8,24.61
13923,54,54,1,351.13,5.04,35.4,17.56
13924,73,2,6,1682.08,3.75,35.4,15.72
13925,135,93,4,616.65,6.64,33.2,16.54
13926,24,24,1,223.85,3.1,39.95,20.35
13927,75,75,1,348.99,5.04,41.6,16.62
13928,134,11,4,464.57,10.2,35.4,17.21
13929,327,170,2,802.85,14.85,398.0,93.63
13930,137,58,2,337.34,12.6,39.6,19.84
13931,281,96,2,1230.93,8.5,255.0,21.34
13932,295,295,1,307.4,11.9,34.0,19.21
13933,149,110,2,608.79,14.85,67.5,26.47
13934,264,264,1,922.1,9.95,90.0,29.75
13936,180,180,1,361.28,3.48,31.6,14.48
13937,170,170,1,158.85,6.6,30.6,17.65
13938,36,36,1,71.66,6.64,19.8,10.24
13939,312,24,3,556.75,4.56,35.4,12.63
13940,145,18,4,839.14,4.74,39.6,17.13
13941,373,22,5,4912.41,15.0,356.4,113.62
13946,268,80,3,561.57,3.9,132.0,51.05
13947,66,66,1,90.6,13.5,19.8,18.12
13948,361,361,1,102.0,23.4,46.8,34.0
13949,95,3,6,2427.32,2.88,135.2,15.17
13950,247,12,4,728.56,6.6,81.6,21.29
13951,295,177,3,674.45,5.04,38.16,17.29
13952,239,218,2,3246.09,0.0,70.8,23.73
13953,353,8,7,3515.68,7.8,750.0,175.78
13954,71,2,2,378.59,4.68,33.9,17.6
13955,306,155,2,322.96,0.55,51.0,9.79
13956,272,6,5,1019.27,0.65,49.01,6.93
13959,363,80,3,594.04,0.39,42.5,6.6
13960,72,22,2,230.22,6.96,70.8,19.18
13962,246,22,2,169.55,10.08,21.95,15.41
13963,368,309,4,664.54,5.04,60.0,18.99
13967,146,146,1,80.7,35.7,45.0,40.35
13969,366,8,18,8956.92,0.19,207.5,14.58
13971,286,19,8,2702.22,5.1,49.8,18.51
13972,202,71,2,190.25,4.75,23.6,12.68
13973,288,288,1,264.7,9.95,68.0,24.06
13974,50,50,1,413.59,8.2,24.96,14.77
13975,277,32,6,2438.19,0.55,51.0,7.48
13976,207,207,1,357.98,15.0,69.36,35.8
13978,46,15,2,196.79,0.85,40.56,13.12
13979,74,74,1,869.87,2.88,25.5,16.11
13980,61,61,1,200.14,4.56,47.2,18.19
13982,366,40,4,1861.11,1.25,81.6,16.86
13983,367,30,12,2590.46,0.85,290.0,24.33
13984,367,27,5,488.03,8.5,432.48,57.53
13985,265,5,15,7024.53,6.72,53.1,20.23
13986,18,18,1,320.46,9.9,80.64,24.65
13988,255,20,6,4098.8,3.04,71.9,17.73
13989,240,66,2,1266.08,10.2,145.0,30.88
13990,214,214,1,311.3,6.6,35.7,19.46
13991,144,13,6,847.54,0.19,39.6,10.4
13992,31,31,1,76.8,8.5,20.0,15.36
13993,331,43,9,3409.66,7.8,204.0,28.65
13994,149,4,6,2274.14,1.7,49.5,15.37
13995,246,16,5,1383.49,5.04,35.4,16.21
13999,362,11,12,3865.26,2.28,81.36,18.76
14000,212,212,1,633.71,15.0,93.6,42.38
14001,374,46,3,2030.33,15.0,179.0,52.39
14002,157,135,2,529.73,1.9,23.4,11.27
14004,289,44,7,4582.64,8.7,82.5,26.8
14005,216,10,5,2874.72,4.56,175.2,34.22
14006,313,116,3,962.19,13.2,145.0,32.07
14009,206,199,2,685.93,7.65,30.0,16.56
14012,278,278,1,328.8,13.6,39.6,29.89
14013,276,111,3,473.02,2.88,39.6,13.91
14014,78,78,1,505.18,2.88,30.0,12.95
14015,53,53,1,917.34,15.0,108.48,45.87
14019,139,47,3,1398.96,8.7,99.84,21.54
14020,89,17,2,642.8,6.96,39.6,16.48
14021,257,156,3,631.9,15.0,76.5,28.72
14022,226,226,1,440.0,5.04,35.4,15.71
14023,251,8,2,584.07,7.5,44.55,18.84
14024,125,122,2,327.7,12.75,30.6,20.48
14027,61,61,1,104.82,9.9,24.96,17.47
14029,145,64,2,467.66,9.36,79.2,31.18
14030,367,19,8,2358.84,0.84,290.0,9.75
14031,373,8,19,14634.64,0.83,1416.0,69.15
14032,367,3,11,2929.84,5.04,128.88,20.81
14034,158,23,3,509.09,0.29,87.8,7.55
14035,298,29,5,1428.02,0.55,81.6,21.64
14036,285,285,1,626.65,5.04,31.8,16.49
14037,365,177,2,147.2,1.25,17.7,5.26
14038,208,79,3,1554.48,6.8,39.6,16.96
14039,34,34,1,152.2,16.5,69.6,25.37
14040,332,41,12,3487.59,1.25,175.2,15.55
14041,267,267,1,141.41,0.55,39.9,6.73
14044,310,27,4,646.42,0.39,49.95,3.14
14045,374,110,4,1659.75,132.0,408.0,276.62
14046,285,285,1,154.99,2.1,40.32,11.07
14047,373,9,5,1290.01,9.3,183.6,40.89
14048,306,306,1,375.13,1.25,23.6,4.82
14049,318,17,4,5536.15,0.39,119.4,11.67
14050,107,32,2,746.36,4.56,30.0,13.82
14051,367,1,23,15477.34,6.96,357.6,74.34
14052,20,20,1,225.36,0.42,18.75,4.02
14053,160,125,2,260.25,12.5,112.5,65.06
14054,66,66,1,92.46,9.96,16.5,15.41
14055,107,107,1,725.64,13.52,415.0,72.56
14056,285,2,23,8062.46,0.39,74.25,7.49
14057,361,24,17,6141.1,0.65,386.64,21.95
14059,267,267,1,183.6,10.2,51.0,22.95
14060,373,5,19,6135.38,5.04,252.0,30.4
14062,365,10,12,10464.85,0.84,594.0,94.28
14064,275,30,5,1168.92,0.65,311.04,17.33
14066,267,267,1,152.55,15.0,38.25,21.79
14067,97,64,2,374.7,0.65,24.75,7.21
14068,321,321,1,265.85,3.75,40.5,11.08
14071,265,4,8,1306.16,0.19,40.56,4.45
14073,33,33,1,139.54,6.96,17.0,11.62
14075,262,5,3,942.26,5.04,85.92,21.91
14076,130,130,1,118.67,0.21,16.95,2.7
14077,275,41,5,499.42,0.95,85.92,11.89
14078,374,102,6,1049.37,0.83,158.75,16.14
14079,125,125,1,375.1,4.15,165.0,31.26
14080,33,33,1,45.6,10.2,15.0,11.4
14081,370,303,2,891.77,0.65,25.5,6.14
14082,365,365,1,182.25,0.95,23.4,6.28
14083,372,5,9,1002.9,0.65,29.7,5.67
14085,369,3,18,4408.54,0.39,51.0,9.87
14087,3,3,1,178.72,0.38,11.7,2.82
14088,323,11,13,50415.49,1.06,459.0,85.72
14089,57,57,1,158.75,1.25,31.2,12.21
14090,325,325,1,76.32,76.32,76.32,76.32
14092,359,8,14,4063.1,0.85,71.4,19.05
14093,13,13,1,433.86,0.39,30.0,4.34
14096,102,5,17,57120.91,0.42,1599.26,12.75
14098,37,37,1,147.35,0.21,61.2,7.02
14099,355,17,11,3092.97,0.75,121.68,12.42
14100,138,138,1,191.95,0.95,23.85,7.68
14101,327,74,6,5976.79,0.85,550.0,170.77
14102,45,6,5,1060.33,0.55,90.0,19.07
14104,166,155,2,216.21,0.1,85.0,10.3
14105,240,240,1,1260.33,5.04,53.55,17.11
14107,365,52,7,2688.48,6.96,71.4,21.98
14108,102,31,2,594.16,4.68,59.4,17.59
14109,73,73,1,80.2,8.5,25.2,16.02
14110,267,4,12,5669.65,6.6,325.44,36.67
14111,242,15,4,688.6,10.2,153.0,69.28
14112,276,23,7,2774.17,6.8,102.0,18.22
14113,355,4,4,1377.92,7.44,408.0,54.13
14114,331,274,2,386.53,8.5,89.7,25.77
14116,122,20,5,1382.74,8.7,85.0,19.2
14117,144,144,1,90.0,30.0,30.0,30.0
14121,60,4,4,2740.3,4.32,94.8,17.49
14124,85,85,1,419.58,20.0,143.26,83.92
14125,79,11,3,2720.63,5.04,47.8,16.39
14126,11,8,3,643.63,11.7,305.28,47.08
14127,311,123,3,709.71,2.9,23.6,16.13
14128,256,61,2,637.5,5.04,29.7,13.86
14129,261,2,5,1123.86,10.08,45.0,21.61
14130,320,320,1,480.91,1.25,40.8,7.29
14132,184,3,11,3580.13,4.32,74.0,17.93
14133,316,130,3,590.34,10.2,39.6,21.63
14135,373,2,15,4690.31,7.8,237.6,35.0
14138,64,2,2,965.88,9.36,99.6,21.0
14139,47,47,1,415.82,8.4,61.2,15.99
14140,32,4,2,920.05,5.04,30.6,14.17
14141,106,3,4,879.03,10.2,59.4,22.88
14142,374,374,1,311.81,5.04,25.2,14.17
14143,134,134,1,115.8,15.0,19.8,16.54
14145,218,47,4,3148.2,237.6,594.0,340.2
14146,358,9,5,2949.57,6.64,183.6,19.96
14147,286,79,2,468.4,15.0,204.0,96.68
14148,234,234,1,157.2,14.85,127.5,52.4
14149,221,221,1,259.43,4.68,25.5,15.95
14150,360,36,2,658.64,4.56,118.8,25.33
14152,235,76,2,611.09,3.36,30.0,12.68
14154,240,240,2,1345.62,10.08,195.0,25.88
14155,267,267,1,118.75,17.85,29.5,19.79
14157,286,20,2,392.44,0.65,35.4,9.24
14158,41,41,1,507.66,4.56,34.0,12.38
14159,363,20,11,4615.64,0.12,51.0,3.94
14161,370,216,3,1097.62,1.25,39.8,10.55
14162,293,174,2,289.36,2.55,40.8,11.57
14163,240,88,4,2445.91,2.85,297.0,47.04
14164,81,71,2,1631.77,15.0,358.0,56.27
14165,276,276,1,120.44,0.39,17.0,5.02
14167,332,40,4,562.59,1.06,25.5,11.25
14171,99,99,1,363.79,0.65,25.5,6.27
14173,220,11,4,450.84,0.55,135.0,15.55
14174,34,34,1,134.46,1.58,9.95,5.17
14175,330,60,3,3108.06,4.68,75.0,21.63
14176,368,298,4,574.0,7.5,35.4,18.61
14177,180,87,4,544.51,0.85,109.0,13.4
14178,183,9,7,1600.26,0.19,59.4,5.03
14179,53,41,2,701.57,0.55,34.8,4.47
14180,373,11,25,4640.77,7.5,165.0,19.79
14184,67,67,1,452.89,9.9,39.8,18.87
14185,332,332,1,197.65,12.75,165.0,65.88
14188,311,31,6,2018.91,6.96,62.4,31.61
14189,369,3,15,4604.31,2.88,76.32,17.56
14191,221,2,13,4660.01,3.36,79.0,18.09
14193,270,68,2,853.39,9.96,74.0,20.32
14194,309,5,21,11216.75,2.88,129.0,19.6
14195,253,202,2,962.7,39.8,392.0,144.57
14196,107,107,1,335.52,17.0,163.2,55.92
14198,240,19,4,663.5,8.7,40.8,17.98
14199,219,219,1,185.4,10.2,175.2,92.7
14201,360,61,7,688.04,6.96,67.6,20.2
14204,3,3,1,150.61,0.38,14.85,3.86
14205,265,17,2,218.78,13.2,33.0,19.45
14206,240,240,1,308.26,10.08,30.0,16.41
14208,95,95,1,151.74,10.5,22.5,15.17
14209,333,11,6,2067.13,7.8,81.6,23.83
14210,372,106,6,1900.89,6.6,51.0,18.68
14211,296,54,9,2208.3,5.04,147.5,20.01
14212,90,90,1,1070.48,50.4,237.6,118.94
14214,278,31,5,1000.23,4.56,33.9,14.99
14215,369,12,6,1777.92,4.56,35.4,16.57
14216,38,4,4,1839.3,8.2,195.6,31.17
14217,367,2,17,1925.36,9.48,130.8,20.05
14218,43,43,1,169.48,4.56,20.8,14.12
14219,5,5,1,89.94,3.48,25.2,12.85
14220,359,248,2,632.4,14.85,121.68,30.11
14221,340,43,9,3427.85,3.9,131.4,17.79
14222,178,178,1,683.17,5.04,40.8,16.66
14223,265,93,3,975.23,6.72,39.6,16.52
14224,321,111,4,1009.73,0.65,64.35,8.94
14226,270,29,5,2184.24,6.64,232.0,33.56
14227,285,27,10,3315.71,7.8,70.8,19.15
14229,334,52,3,1450.6,12.5,175.2,38.68
14231,289,184,3,822.06,8.5,79.9,18.51
14232,265,43,5,2043.93,4.56,53.1,17.81
14233,318,50,4,1447.51,6.96,232.0,41.79
14234,58,23,4,754.12,0.19,45.0,5.13
14235,261,76,5,3093.86,9.9,179.0,39.81
14236,373,81,2,490.86,6.72,158.4,32.72
14237,374,374,1,161.0,10.2,33.9,17.89
14238,327,327,1,146.85,7.5,30.0,18.36
14239,317,44,11,2323.5,6.96,79.2,21.26
14240,226,31,2,890.34,6.96,83.4,21.2
14241,184,184,1,213.7,13.2,66.4,21.37
14242,326,235,2,280.55,10.2,25.5,17.53
14243,366,9,10,2535.88,4.56,70.8,18.36
14245,264,220,2,1677.48,6.6,39.6,15.68
14246,246,111,3,1474.06,10.2,39.6,19.65
14247,279,279,1,136.77,1.65,20.65,6.84
14248,319,319,1,302.58,10.08,204.0,37.82
14250,90,8,3,1904.05,5.04,39.6,17.15
14251,58,2,5,2879.7,10.08,102.0,36.92
14256,365,261,2,935.06,6.8,45.0,18.28
14257,319,65,5,3087.27,5.04,249.6,29.24
14258,338,10,9,12650.08,13.2,504.0,114.14
14259,142,142,1,120.0,15.0,39.6,24.0
14261,79,51,2,1163.45,6.2,70.8,22.37
14262,241,9,8,2618.23,7.9,85.92,18.31
14264,246,155,2,319.47,12.5,47.6,19.65
14267,261,163,3,1279.09,10.08,76.5,27.57
14270,332,332,1,492.65,9.95,31.8,16.99
14271,226,226,1,112.32,5.04,19.9,11.23
14272,255,74,2,437.96,2.88,34.68,13.27
14273,243,52,4,559.97,10.5,41.6,19.31
14276,290,99,3,1019.39,9.96,44.85,17.5
14280,197,197,1,134.04,5.04,25.5,16.76
14282,368,4,15,3701.44,2.34,179.0,24.04
14284,87,31,2,578.45,11.5,31.8,18.6
14285,177,22,4,1910.01,5.9,183.6,70.74
14286,243,24,3,4595.81,5.04,70.8,16.53
14287,199,9,3,151.23,12.5,31.2,19.63
14288,214,214,1,413.85,15.0,69.6,26.66
14289,290,9,6,911.26,6.72,67.5,19.39
14290,362,12,5,2307.45,6.64,183.6,22.92
14291,276,2,11,3873.3,5.04,89.7,16.39
14292,283,8,9,4819.33,9.96,297.0,48.72
14293,369,4,4,1046.56,4.32,47.7,17.16
14295,41,41,1,154.7,15.0,50.4,33.24
14297,275,18,4,1284.06,6.96,60.0,21.05
14298,361,9,44,50862.44,0.19,650.25,31.48
14299,366,9,9,2855.35,5.04,350.4,27.73
14300,19,19,1,43.2,10.2,16.5,14.4
14301,118,118,1,632.04,15.0,91.8,49.24
14304,223,223,1,197.1,12.6,47.7,22.56
14305,136,72,3,1803.76,4.25,53.1,17.7
14306,86,52,2,2083.42,5.04,252.0,63.43
14307,374,89,6,2995.72,5.04,50.85,16.64
14309,359,9,9,2319.68,2.88,138.24,20.11
14311,243,243,1,229.71,10.2,23.6,15.51
14312,338,47,6,1611.59,6.96,66.0,18.52
14314,107,107,1,120.0,4.56,46.8,15.0
14315,267,45,6,2456.98,7.8,70.8,24.57
14317,65,65,1,508.58,9.36,66.0,21.19
14320,333,207,2,343.11,5.04,35.4,15.41
14321,334,11,5,1530.75,2.88,83.4,12.45
14323,239,115,2,574.26,5.04,35.4,16.81
14326,243,243,1,166.85,15.0,60.0,22.98
14327,164,164,1,311.65,14.85,70.8,25.97
14329,330,18,7,4889.14,5.04,79.8,19.28
14331,136,125,2,462.66,10.08,34.0,16.52
14332,148,23,3,840.21,0.95,104.04,33.61
14333,68,68,1,351.45,12.5,102.0,27.68
14334,359,17,8,2539.46,6.96,58.0,15.75
14336,277,17,4,1614.91,2.28,45.0,17.94
14338,197,162,2,554.22,8.25,51.0,18.97
14339,243,243,1,289.91,9.96,61.2,22.11
14340,219,219,1,134.7,10.2,35.4,22.45
14341,319,46,8,2151.08,2.28,85.92,16.93
14342,211,22,4,607.71,5.04,153.0,31.84
14344,369,128,8,889.93,0.39,70.8,12.53
14345,39,39,1,108.98,4.68,39.6,18.16
14346,298,121,2,1021.58,4.56,85.0,17.03
14348,261,261,1,409.57,6.72,91.8,22.75
14349,11,11,1,133.5,1.25,9.9,4.31
14350,275,275,1,258.7,6.96,35.4,15.72
14351,165,165,1,51.0,51.0,51.0,51.0
14352,274,158,4,1078.96,8.4,70.8,22.96
14353,216,216,1,90.6,3.9,19.8,15.1
14354,31,6,2,163.62,7.8,37.44,18.18
14355,366,366,1,174.4,10.2,25.5,15.85
14356,82,80,2,666.94,8.3,89.7,21.25
14357,44,44,1,225.12,0.65,29.5,5.63
14359,88,20,3,882.58,9.9,30.0,16.59
14360,95,32,4,2118.03,5.04,68.0,18.1
14362,23,23,1,151.5,0.95,13.5,4.09
14364,212,109,8,3717.35,4.56,207.5,53.87
14367,277,9,16,9134.12,0.21,214.8,17.71
14368,320,320,1,155.0,11.9,29.9,19.38
14371,296,296,1,100.5,15.0,39.6,25.12
14373,359,359,1,76.55,10.2,25.5,19.14
14375,186,186,1,235.56,0.19,25.0,3.57
14377,263,192,2,617.05,17.85,159.2,56.1
14379,296,45,2,348.1,0.95,30.0,7.57
14381,53,53,1,202.68,0.55,25.0,3.62
14382,27,27,1,615.49,0.38,31.2,4.88
14383,164,39,3,1247.69,4.0,135.2,21.15
14385,24,10,3,202.11,8.5,20.8,14.44
14386,297,297,1,142.4,10.2,31.8,20.34
14387,110,33,3,1727.6,0.85,83.2,12.43
14388,373,11,8,3172.04,2.88,62.4,17.27
14389,191,66,2,999.72,5.04,72.0,23.19
14390,373,11,9,4582.22,0.39,146.25,16.35
14393,219,219,1,67.95,8.3,17.25,13.59
14395,373,3,9,3444.11,0.39,44.55,10.0
14396,372,66,2,487.99,0.65,29.5,6.68
14397,214,3,19,2556.68,6.96,103.68,30.03
14400,150,150,1,559.7,10.08,99.84,22.99
14401,360,5,13,4039.98,4.56,97.8,22.26
14403,248,131,4,1426.31,8.25,244.8,73.79
14404,370,34,6,1409.72,0.14,76.5,14.49
14406,120,120,1,156.75,11.9,30.6,19.59
14407,277,108,6,2111.08,4.56,207.5,29.56
14408,265,11,7,2599.03,0.95,133.2,24.52
14409,369,72,6,1908.25,2.52,356.4,38.14
14410,306,93,9,573.45,0.78,51.0,5.82
14411,311,311,1,1063.0,45.0,102.0,75.93
14412,73,43,2,761.33,4.0,81.6,17.91
14413,363,363,1,121.05,0.95,10.2,5.5
14414,359,92,7,1485.13,1.9,56.88,15.43
14415,361,2,13,5766.85,0.42,51.0,10.11
14416,43,23,2,490.22,10.08,214.8,35.02
14418,109,4,3,1937.25,0.84,89.64,15.62
14419,365,11,6,1051.79,0.42,30.0,5.21
14420,100,100,1,385.87,6.8,23.4,13.36
14421,212,58,2,813.11,5.04,99.0,30.12
14422,268,1,6,4263.64,2.88,83.4,19.21
14423,219,219,1,265.2,20.4,163.2,88.4
14424,18,18,1,322.08,322.08,322.08,322.08
14426,313,24,10,3918.9,2.34,252.0,20.01
14427,64,51,2,363.34,5.04,45.0,21.37
14428,326,8,5,1209.37,1.25,76.32,8.93
14431,303,303,1,423.26,17.0,76.5,27.67
14432,90,10,6,2248.5,0.19,99.0,5.96
14434,73,22,6,1372.8,69.6,199.2,114.4
14436,99,99,1,89.06,4.56,20.4,9.9
14438,307,307,1,131.9,7.5,19.5,14.66
14440,366,9,5,2357.68,10.2,153.0,42.87
14441,256,1,4,1545.14,5.8,107.1,33.59
14443,369,54,4,1400.88,5.04,35.95,15.27
14446,247,1,4,1010.35,0.21,23.85,3.65
14447,281,19,5,1163.23,5.04,34.8,16.62
14448,365,10,2,375.35,1.45,237.6,18.77
14449,373,19,4,885.8,0.19,30.0,3.54
14450,321,181,3,483.25,0.38,29.7,12.08
14451,195,61,2,643.9,0.29,19.8,6.13
14452,94,11,2,259.05,0.75,16.95,4.32
14453,191,191,1,119.93,0.42,15.0,5.45
14456,143,6,9,3002.51,0.08,30.0,3.19
14457,311,311,1,113.64,5.04,45.0,28.41
14459,156,156,1,1837.92,13.2,132.0,49.67
14460,311,111,3,383.34,13.92,41.76,27.15
14461,262,149,3,2103.06,0.39,67.6,11.68
14462,340,67,11,1942.45,0.24,39.6,8.5
14463,206,99,3,529.62,15.0,178.5,88.27
14465,303,247,3,1038.44,0.42,163.5,8.44
14466,373,30,7,2272.4,5.8,127.5,31.56
14467,313,18,4,596.26,0.85,22.5,6.7
14470,288,12,2,461.19,1.25,50.0,10.73
14472,356,104,8,1852.67,0.42,49.9,6.99
14473,283,75,2,234.34,10.2,85.0,33.48
14474,47,47,1,537.71,6.72,34.0,18.88
14475,305,72,3,799.82,6.96,119.4,22.04
14476,258,258,1,193.0,3.3,30.0,11.35
14477,298,20,4,1307.81,41.6,179.0,130.96
14479,366,254,2,316.25,10.2,25.0,17.57
14480,12,12,1,279.05,12.5,49.92,21.47
14481,288,165,2,636.51,6.72,47.2,21.22
14482,240,19,6,2022.81,0.21,179.0,14.77
14483,282,282,1,129.2,7.5,30.0,15.23
14484,51,51,1,321.92,8.2,31.6,22.99
14485,39,39,1,162.8,0.55,9.95,3.54
14487,369,27,6,1152.73,0.39,51.0,8.32
14488,68,68,1,1047.43,9.36,158.4,23.14
14489,208,208,1,463.38,8.5,29.88,15.45
14491,373,176,2,340.93,10.08,47.7,20.05
14493,156,8,5,2362.84,2.34,59.4,19.86
14494,26,26,1,139.56,9.96,30.0,19.94
14495,122,51,2,123.8,19.8,20.8,20.63
14496,374,312,2,538.81,9.95,122.04,28.36
14497,310,310,1,457.47,6.96,30.0,16.39
14498,362,43,5,1957.32,0.42,170.0,10.14
14499,279,27,3,808.44,0.42,25.2,4.25
14500,190,89,3,356.85,12.75,102.0,50.98
14501,320,184,2,190.31,10.08,35.4,25.12
14502,314,20,11,2310.18,0.19,89.55,4.0
14503,179,4,6,3543.26,3.48,136.0,21.61
14504,279,48,4,673.26,0.42,27.0,6.29
14505,363,18,8,5772.49,0.42,75.6,7.46
14506,370,18,5,1960.65,0.29,45.0,6.65
14507,277,24,6,1352.88,0.85,237.6,14.4
14508,90,23,2,268.05,0.42,21.45,4.87
14511,134,12,5,1267.41,4.68,49.92,19.34
14512,233,188,2,275.28,1.7,29.85,11.97
14513,289,101,3,438.49,0.65,138.24,37.97
14514,332,62,3,990.2,1.05,60.0,14.35
14515,219,18,6,2076.89,0.79,71.4,21.19
14517,142,34,2,330.45,12.5,31.8,18.36
14518,65,65,1,174.37,0.95,29.75,10.9
14520,291,2,2,270.6,10.2,165.0,67.65
14522,199,25,4,974.54,1.25,143.04,57.33
14523,109,109,1,241.09,7.8,46.8,20.09
14524,361,32,9,1843.83,0.57,102.0,9.36
14525,362,20,9,4105.07,0.42,244.8,14.95
14527,370,3,55,7709.69,0.39,87.6,8.76
14528,38,38,1,364.22,4.35,45.0,20.23
14529,111,61,3,578.61,0.19,15.3,2.72
14530,297,26,6,2862.11,0.84,107.1,13.44
14532,353,237,4,932.85,0.42,47.7,14.58
14533,353,25,7,1812.62,4.56,127.2,31.45
14534,319,3,18,4025.6,0.39,169.92,8.66
14535,249,61,3,2831.74,0.39,55.65,8.7
14536,260,260,1,170.95,0.85,51.0,9.5
14537,58,58,1,355.56,12.72,49.8,35.56
14538,257,65,2,388.25,10.2,53.1,20.43
14539,45,16,2,537.48,3.36,40.56,16.8
14540,310,10,3,952.66,0.39,35.4,13.42
14541,320,59,8,1453.35,0.21,90.0,13.84
14542,186,186,1,103.25,11.9,35.7,20.65
14543,365,29,16,2916.17,0.76,272.0,50.7
14544,362,25,2,2004.3,1.65,103.68,18.06
14546,249,6,5,2482.86,0.55,35.4,6.48
14547,55,4,8,3953.95,0.65,87.2,11.2
14548,318,151,2,652.8,81.6,244.8,163.2
14549,312,312,1,289.24,0.85,17.0,5.16
14550,45,11,2,757.37,1.45,90.0,16.11
14551,205,19,2,186.23,12.5,30.0,18.62
14552,152,152,1,164.22,0.55,9.9,2.88
14553,340,20,5,859.27,0.42,165.0,7.6
14554,53,11,4,2279.49,0.39,72.0,11.23
14555,303,58,2,312.54,3.75,60.84,16.45
14560,358,8,22,2174.18,9.96,136.0,30.24
14561,185,76,3,1080.76,4.56,39.6,15.66
14562,305,4,18,4676.62,0.39,99.6,11.95
14565,362,96,4,3073.77,5.04,67.5,24.4
14567,131,57,2,1524.46,15.0,153.0,46.37
14569,2,2,1,227.39,1.65,122.4,18.95
14570,281,281,2,218.06,0.85,77.35,7.52
14572,325,4,7,2775.39,1.1,102.0,10.7
14573,373,180,9,1590.12,0.39,44.85,7.22
14576,373,373,1,35.4,35.4,35.4,35.4
14577,363,13,4,859.71,0.95,22.5,6.99
14578,4,4,1,168.63,1.25,28.08,7.03
14581,17,17,1,138.6,0.42,27.84,8.15
14582,41,41,1,114.11,1.56,35.4,19.02
14583,206,6,5,986.96,0.19,25.5,3.27
14584,199,170,4,1020.06,1.33,63.8,10.54
14585,51,51,1,157.05,0.85,29.5,5.42
14586,277,277,1,134.16,6.72,20.4,12.49
14587,332,19,9,1577.39,0.29,38.25,4.26
14589,372,372,1,39.75,7.95,15.9,13.25
14591,214,16,4,1320.21,0.39,58.5,7.5
14592,65,36,3,557.94,0.39,14.95,3.53
14593,199,22,3,617.15,0.12,75.0,4.09
14594,374,8,2,363.33,0.85,17.0,6.99
14595,314,20,6,1740.6,1.25,59.0,17.06
14597,192,12,2,866.24,0.21,84.1,18.43
14598,45,45,1,221.97,0.65,14.85,4.44
14600,306,306,1,393.33,9.95,24.75,15.73
14601,11,11,1,213.96,6.96,90.0,30.57
14603,275,275,1,660.0,150.0,510.0,330.0
14606,374,2,93,11633.35,0.12,139.3,4.51
14607,262,16,14,10981.1,9.9,1293.6,200.12
14608,363,5,4,1785.15,3.75,204.0,89.26
14609,297,73,4,601.56,115.2,191.16,150.39
14616,318,243,3,406.08,10.08,237.6,135.36
14618,338,10,3,538.59,15.0,75.0,34.59
14619,246,246,1,379.51,9.96,30.6,19.72
14620,284,206,2,393.28,2.28,30.0,15.88
14621,359,2,5,1765.76,8.2,59.4,19.44
14622,185,185,1,320.58,1.45,23.6,15.27
14623,236,33,5,866.8,0.3,60.0,6.67
14624,60,58,2,225.85,10.5,23.4,17.37
14625,362,197,2,848.48,7.8,35.4,16.97
14626,234,24,4,2757.07,6.96,175.2,22.88
14628,243,92,2,671.96,10.08,70.8,28.0
14629,48,5,2,935.46,0.39,33.3,6.37
14631,299,51,3,1006.98,4.56,111.0,24.56
14632,263,263,1,114.56,6.8,19.8,14.32
14633,267,267,1,344.9,10.2,27.0,17.24
14636,269,37,2,609.85,12.6,42.96,21.78
14638,51,51,1,443.6,9.96,57.8,27.72
14639,362,53,6,2952.34,6.96,60.0,17.35
14640,228,25,6,2024.45,5.04,53.55,20.07
14641,22,22,1,110.46,7.8,39.6,15.78
14642,59,59,1,96.12,19.8,76.32,48.06
14643,359,171,2,668.61,4.56,75.6,22.38
14644,299,68,2,780.46,6.64,175.2,31.95
14645,276,157,2,597.09,2.28,102.0,19.9
14647,202,202,1,236.04,1.49,99.0,8.43
14649,213,5,4,1402.59,0.21,81.6,7.54
14651,212,68,2,653.75,0.48,27.04,6.47
14652,78,78,1,114.18,0.39,22.5,3.94
14653,339,2,7,1926.65,0.39,97.3,8.23
14655,223,9,4,1930.15,9.96,179.0,39.43
14656,284,170,2,291.05,0.78,14.75,3.64
14657,327,18,4,838.27,0.55,30.0,6.73
14658,118,6,2,247.15,0.39,39.95,8.52
14659,316,9,9,2456.53,0.42,29.75,10.0
14660,101,87,2,285.74,0.39,81.36,9.52
14661,27,27,1,107.95,0.85,66.9,26.99
14662,317,29,4,741.37,0.29,45.0,4.72
14664,34,20,2,636.24,0.39,30.0,6.49
14665,311,61,5,1258.38,1.65,81.6,20.4
14666,25,25,1,195.25,2.4,30.0,13.95
14667,369,11,25,9165.04,0.39,170.0,16.18
14669,333,242,3,1259.24,0.85,33.9,7.59
14670,281,281,2,392.86,0.21,18.75,3.19
14672,337,235,2,765.55,1.45,44.55,12.55
14673,368,4,5,1736.4,5.04,122.4,23.46
14675,17,17,1,596.36,0.21,60.84,6.15
14676,284,32,6,2543.24,15.12,178.2,60.67
14680,372,26,16,26932.34,0.85,622.5,111.45
14681,212,72,3,498.95,9.95,340.0,71.28
14682,202,188,2,52.0,20.8,31.2,26.0
14684,363,26,5,1201.51,0.32,61.2,3.08
14687,107,107,1,628.38,9.9,120.0,41.89
14688,374,8,21,5055.61,0.19,153.0,17.22
14689,209,209,1,112.8,3.3,30.0,8.68
14690,152,45,2,341.96,1.25,27.04,7.4
14691,213,31,5,2114.33,7.8,122.04,29.78
14692,323,138,4,582.05,1.65,20.4,8.7
14693,265,265,1,172.9,2.9,127.5,21.61
14696,374,5,7,2070.97,1.9,51.0,15.99
14697,219,219,2,188.61,0.95,39.84,8.57
14698,52,2,5,1217.27,0.78,29.85,6.09
14699,215,215,1,109.13,6.6,20.28,13.64
14700,239,33,3,2195.1,0.85,63.6,19.6
14701,317,11,9,2462.94,0.29,323.55,7.73
14702,366,2,17,3210.29,0.83,59.8,9.51
14703,15,15,1,318.17,8.5,19.8,14.46
14704,181,12,9,1493.96,0.19,29.9,3.8
14705,199,199,1,179.0,179.0,179.0,179.0
14708,369,3,3,1096.67,5.04,162.72,40.23
14709,359,16,13,4911.14,6.96,62.4,25.11
14710,60,15,4,599.48,0.42,23.4,4.41
14711,263,11,11,2809.02,0.39,195.0,8.23
14712,113,30,3,917.07,1.95,102.0,36.68
14713,366,10,11,2660.1,0.84,102.0,7.88
14714,25,25,1,160.19,1.65,80.64,16.02
14715,332,25,4,867.38,1.45,67.5,12.22
14716,149,44,2,307.51,0.19,50.4,6.03
14719,250,2,5,1571.89,0.65,30.0,6.73
14720,127,6,3,663.81,7.8,60.0,17.94
14722,148,148,1,180.42,1.25,30.0,6.44
14723,372,11,6,1122.36,0.21,35.4,4.33
14725,25,25,1,655.58,0.95,78.0,13.95
14727,275,275,1,268.58,14.85,50.85,26.86
14729,374,374,1,313.49,0.65,19.8,4.42
14730,277,2,8,1897.57,0.19,35.4,4.11
14731,213,48,3,380.02,0.95,24.9,8.44
14732,340,9,8,2686.34,4.56,120.0,18.38
14733,368,17,12,9451.54,7.5,204.0,47.46
14735,359,4,32,5807.69,8.2,107.1,31.27
14737,354,4,3,1164.55,16.5,170.0,68.5
14738,317,43,7,1289.94,4.56,88.8,24.34
14739,368,5,7,3899.1,8.4,180.0,65.04
14740,284,198,3,1423.21,6.72,67.8,16.27
14741,373,12,6,1400.34,9.96,93.6,23.73
14744,367,17,7,1088.53,0.55,145.0,42.31
14745,286,113,5,1167.16,6.72,70.8,17.68
14747,250,250,1,294.3,9.9,33.9,18.23
14748,369,30,5,1311.79,4.0,34.8,15.91
14752,44,44,1,389.64,30.0,208.8,77.93
14753,88,88,1,563.15,14.85,35.4,18.77
14754,296,45,2,638.05,8.4,35.7,15.56
14755,335,10,11,4965.38,9.9,59.4,21.32
14756,16,16,1,738.96,5.04,35.4,19.45
14757,76,76,1,420.5,6.8,40.56,22.13
14758,260,145,4,1484.06,10.2,59.7,20.9
14759,233,5,3,1625.97,7.9,35.4,15.94
14760,298,298,1,53.8,10.2,23.8,17.84
14761,335,59,2,255.9,9.9,51.0,23.26
14762,264,264,1,300.52,5.04,33.0,14.31
14764,47,47,1,250.55,19.8,88.8,46.38
14765,177,30,3,254.11,0.84,31.6,6.52
14766,367,9,6,2423.07,2.88,54.08,18.32
14768,128,18,2,139.5,15.0,59.4,38.52
14769,358,3,8,10383.83,0.57,165.0,9.81
14770,324,233,2,876.42,5.04,35.4,16.85
14772,113,113,1,139.26,10.4,24.96,15.47
14775,373,59,3,1011.9,6.84,50.4,16.86
14776,313,52,11,2195.58,10.08,100.8,21.69
14778,309,128,2,730.86,8.2,59.4,20.88
14779,324,281,3,386.15,0.85,39.95,9.42
14780,80,55,2,447.68,8.5,29.85,16.58
14782,320,320,1,200.1,15.0,90.0,33.35
14784,324,27,2,289.99,4.56,40.56,19.33
14785,16,11,2,77.4,9.48,37.92,25.8
14788,27,8,2,679.44,5.04,74.25,22.65
14789,29,29,1,197.64,17.4,59.4,32.94
14790,254,17,4,745.06,4.68,85.0,16.2
14793,22,22,1,214.14,8.2,22.5,16.36
14794,335,3,7,1272.11,2.28,59.8,16.5
14795,167,167,1,131.45,4.25,31.8,21.91
14796,367,2,17,7792.51,0.12,100.8,7.05
14798,311,53,3,173.74,6.64,29.7,14.48
14799,52,52,1,157.7,0.39,24.75,12.13
14800,370,48,12,4228.39,0.38,102.0,11.31
14801,62,62,1,189.34,0.42,8.5,3.32
14803,293,163,3,845.55,0.84,175.2,19.22
14804,9,9,1,353.27,10.2,63.75,29.44
14805,314,16,4,546.4,2.1,70.8,11.88
14806,76,76,1,193.39,8.95,25.2,17.58
14808,173,40,8,2152.8,0.38,125.0,11.77
14810,370,41,11,2085.33,0.39,35.4,8.21
14813,370,370,2,152.88,0.85,25.5,5.27
14815,68,37,2,778.5,6.64,30.0,14.69
14816,198,198,1,271.85,9.95,125.0,67.96
14817,278,201,2,1110.34,7.56,50.0,17.62
14818,254,74,3,657.8,1.65,75.0,13.7
14819,193,65,2,272.07,10.2,51.0,20.93
14820,174,22,4,507.29,7.44,35.4,17.49
14821,367,367,1,48.8,23.6,25.2,24.4
14823,195,181,3,321.43,0.55,12.75,4.59
14824,92,11,4,1127.71,9.96,166.4,38.89
14825,369,4,12,2221.01,0.95,85.0,18.51
14828,337,197,3,2139.76,10.08,432.0,125.87
14829,373,30,4,644.65,5.04,34.8,16.61
14830,54,54,1,188.88,0.38,22.88,4.84
14834,241,18,6,1698.35,9.9,128.88,25.68
14836,31,11,3,102.45,3.0,23.4,17.08
14837,202,90,4,1641.2,4.56,33.0,15.27
14840,268,268,1,62.85,15.0,17.85,15.71
14841,359,54,6,3295.76,4.56,60.48,23.88
14842,309,44,4,2456.8,6.96,295.0,19.48
14844,242,64,4,3189.81,6.72,358.0,24.54
14847,149,149,1,309.4,15.0,53.1,23.8
14849,374,22,25,7904.28,5.04,175.2,20.44
14850,312,312,1,278.15,1.25,31.2,15.51
14851,257,24,2,511.35,9.36,63.0,18.26
14852,253,59,6,2836.69,7.8,40.8,19.84
14853,212,25,2,463.05,15.0,175.2,52.87
14854,275,79,7,2730.09,4.56,102.0,21.75
14855,135,120,2,645.65,6.8,82.5,32.28
14856,57,37,3,1290.53,4.68,89.7,19.85
14857,149,60,2,1165.65,8.2,35.4,19.55
14859,205,13,4,1352.04,9.36,59.8,23.34
14860,20,20,1,168.62,4.56,40.56,15.48
14861,53,53,1,125.79,9.12,39.6,20.96
14862,149,26,2,841.2,4.0,34.8,17.52
14863,30,30,1,266.76,15.0,64.68,24.25
14865,373,8,2,52.2,9.12,18.0,13.05
14866,367,11,12,14197.45,0.14,816.0,145.35
14867,337,186,3,701.33,10.0,40.56,19.73
14868,234,4,8,2939.64,7.44,59.4,20.51
14869,104,9,2,717.7,1.25,25.2,10.31
14870,262,262,1,327.25,10.2,81.0,25.17
14871,361,4,4,501.28,1.25,23.7,5.39
14873,211,211,1,519.68,10.2,39.8,18.56
14875,263,108,2,1448.72,9.96,237.6,31.18
14878,359,13,9,1476.09,0.42,102.0,12.1
14880,289,78,3,690.59,5.04,25.5,15.01
14881,20,20,1,255.4,4.56,30.0,15.02
14882,34,27,2,589.7,22.5,90.0,53.61
14883,212,19,6,756.64,4.56,40.56,14.37
14885,132,132,1,765.32,13.92,102.0,51.02
14886,253,253,1,364.8,11.9,39.8,20.27
14887,80,80,1,1862.0,72.0,358.0,310.33
14888,208,208,1,369.2,8.5,40.5,18.46
14889,337,337,1,135.9,10.2,17.7,13.59
14890,254,254,1,125.65,10.2,25.5,17.95
14891,188,149,2,554.38,9.9,30.6,16.8
14893,12,10,2,1237.85,5.04,35.7,16.96
14894,86,86,1,655.75,6.64,79.2,28.51
14895,291,8,20,11020.26,5.04,158.4,22.37
14896,366,205,2,468.77,1.65,39.0,10.9
14897,297,8,4,1366.38,11.4,83.2,24.84
14898,372,24,6,1194.11,0.39,100.8,11.65
14901,373,12,9,1414.99,0.65,75.0,14.81
14902,26,26,1,314.11,6.96,30.0,16.63
14903,279,22,5,2729.18,0.42,45.0,7.99
14904,26,3,2,1025.44,2.88,112.32,14.86
14905,234,158,2,599.9,10.2,81.6,36.24
14907,368,4,7,3478.85,9.96,95.7,21.22
14908,75,75,1,277.8,9.9,79.6,30.87
14910,55,3,4,389.86,5.1,24.96,14.48
14913,360,36,4,1227.43,2.52,72.0,14.11
14915,278,92,2,258.83,10.2,83.4,25.62
14916,325,71,4,1264.84,4.56,50.4,16.48
14918,155,116,2,1610.15,6.6,81.6,35.78
14920,213,213,2,977.77,8.5,30.0,17.15
14921,202,31,2,1316.07,2.88,49.5,16.87
14923,51,51,1,749.1,4.68,46.8,17.03
14924,246,246,1,310.05,8.75,125.0,31.01
14929,33,33,1,223.88,10.2,51.0,20.35
14944,297,30,12,5842.95,7.8,118.8,34.71
14946,15,15,1,100.9,33.2,34.5,33.63
14947,131,73,2,290.82,10.2,49.92,20.77
14948,220,24,6,1066.57,6.64,59.7,17.49
14950,20,20,1,361.25,6.96,49.8,19.54
14951,80,80,1,311.69,1.92,38.25,15.58
14952,365,60,11,7912.79,6.6,350.4,58.69
14953,26,26,1,285.67,0.39,19.9,5.29
14954,13,13,1,294.85,0.39,25.5,3.83
14957,254,254,1,58.49,0.55,15.3,4.87
14958,246,148,3,483.73,2.5,31.9,11.8
14959,297,65,4,684.97,1.25,54.08,11.79
14960,172,9,2,221.27,0.39,67.5,8.2
14961,361,11,9,7006.58,7.8,145.0,22.58
14962,271,271,1,126.7,9.95,70.2,25.34
14963,184,10,5,1472.34,0.12,72.0,7.67
14964,248,248,1,206.21,0.95,101.76,15.86
14965,97,97,2,596.09,0.55,75.0,7.36
14966,15,15,1,183.02,1.1,16.4,5.08
14967,50,50,1,463.8,15.0,204.0,77.3
14968,31,31,1,147.59,0.29,14.85,3.99
14970,317,69,4,1592.06,0.83,70.8,46.83
14971,44,36,3,1097.98,0.21,28.9,7.08
14972,129,129,1,114.77,1.26,19.9,6.38
14973,226,108,3,1314.45,5.04,295.0,41.08
14974,38,38,1,89.94,2.08,12.5,5.29
14975,58,58,1,279.94,0.95,53.55,25.45
14976,327,58,7,765.86,0.42,51.0,10.98
14978,331,73,5,1921.37,1.45,47.7,8.98
14981,247,247,1,102.12,6.96,16.5,12.76
14984,181,20,2,202.37,0.39,25.0,5.19
14985,359,199,2,292.01,0.42,19.0,3.52
14987,366,16,2,326.4,81.6,81.6,81.6
14988,212,212,1,334.54,0.85,45.0,8.36
14995,281,39,2,231.98,0.29,10.65,3.87
14997,179,47,3,540.98,4.56,46.8,21.01
14998,242,171,2,414.87,0.42,43.8,5.61
15000,48,48,1,490.52,0.85,30.6,6.37
15002,368,116,4,1641.76,0.85,61.2,14.28
15004,148,148,1,1220.77,0.39,112.5,7.93
15005,367,16,28,6160.54,0.39,30.24,5.66
15006,52,52,1,480.38,0.12,37.5,3.64
15007,160,160,1,156.91,3.3,29.7,13.08
15009,26,13,3,1259.43,0.65,45.0,7.0
15010,36,36,1,308.94,9.96,30.0,15.45
15012,374,54,2,405.04,0.39,12.75,3.32
15014,177,44,2,257.67,0.85,82.5,7.81
15016,173,173,1,170.04,0.55,17.0,8.5
15017,34,34,1,125.58,1.9,12.48,6.28
15018,368,39,3,456.26,2.5,51.0,16.01
15019,267,267,1,252.81,0.42,17.85,3.83
15021,367,9,9,1829.23,0.19,41.5,4.22
15022,48,12,4,852.39,0.42,39.95,7.04
15023,370,4,11,6680.81,0.42,250.0,12.15
15024,368,10,10,1636.43,0.42,46.8,10.77
15025,34,34,1,361.96,0.83,30.0,5.4
15026,278,81,3,469.0,1.25,76.5,7.69
15027,239,31,4,1051.95,8.5,150.0,30.46
15028,369,9,4,627.13,0.39,59.0,13.07
15030,269,72,2,518.28,20.4,101.76,74.04
15031,283,5,4,653.19,0.39,72.0,5.94
15032,367,257,3,4464.1,1.65,330.0,95.37
15033,330,5,10,2541.53,0.39,52.02,5.1
15034,354,16,8,4243.21,0.36,177.6,10.96
15035,90,90,1,252.73,0.83,35.4,9.36
15036,180,73,3,429.56,0.19,23.4,3.61
15038,370,59,6,645.84,0.65,49.5,5.49
15039,369,10,47,19638.59,0.42,249.0,13.38
15041,171,171,1,179.93,0.42,16.5,2.73
15042,200,200,1,135.93,6.76,76.5,27.19
15043,32,32,1,537.0,179.0,179.0,179.0
15044,363,20,17,7563.88,0.84,71.4,17.2
15045,258,152,2,633.66,3.48,175.2,61.3
15046,339,10,15,4940.66,0.65,232.0,25.33
15047,270,270,1,343.62,10.2,23.4,15.62
15048,369,66,4,377.52,0.39,30.0,4.05
15049,274,274,1,121.17,1.7,81.12,40.39
15050,72,26,3,1682.77,0.39,120.0,22.86
15051,151,24,3,1383.36,0.84,85.8,9.74
15052,320,320,1,207.73,0.85,79.9,7.42
15053,282,5,3,693.95,0.42,50.0,10.06
15054,41,13,2,302.1,0.19,15.9,2.65
15057,316,276,2,1489.5,13.2,269.1,59.58
15058,313,26,11,2102.54,0.42,46.2,7.9
15059,335,41,9,1325.82,0.39,35.8,5.64
15060,10,9,4,294.25,0.19,14.85,2.56
15061,373,4,48,54228.74,0.32,2978.4,135.32
15062,360,72,4,987.86,9.12,39.0,17.33
15063,214,214,1,370.8,19.9,255.2,74.16
15065,292,38,4,3135.98,5.04,250.0,20.38
15066,54,54,1,760.59,5.04,66.4,21.28
15067,283,79,3,1744.76,9.36,102.0,21.28
15068,257,47,2,553.36,0.72,17.9,5.32
15069,180,180,1,1109.53,8.5,29.7,15.85
15070,373,373,1,106.2,106.2,106.2,106.2
15071,276,94,2,982.07,6.8,142.8,37.77
15073,187,10,3,612.43,10.2,64.68,19.32
15074,106,106,1,735.67,12.6,34.68,17.94
15075,78,78,1,773.03,9.36,102.0,28.63
15076,173,173,1,880.85,6.96,50.4,17.98
15078,369,8,32,9623.35,9.36,62.4,22.14
15079,366,213,4,893.66,5.04,81.6,19.06
15081,368,23,5,487.35,8.5,35.4,15.3
15083,257,257,1,88.2,12.75,34.8,17.64
15087,282,282,1,306.94,11.7,60.48,20.46
15088,68,22,2,1140.27,5.04,85.0,20.35
15089,129,11,6,2420.84,5.04,68.0,16.7
15090,309,309,1,381.32,6.72,31.8,16.58
15091,68,68,1,476.96,5.04,34.0,16.02
15092,284,216,2,457.81,9.9,38.25,17.61
15093,373,19,6,4410.14,5.04,202.8,42.57
15095,204,104,4,1364.7,12.5,60.0,29.16
15096,43,43,1,219.39,6.64,46.8,19.94
15097,5,5,1,248.08,0.79,23.8,9.92
15098,183,183,3,649.5,297.0,38970.0,13305.5
15099,85,85,1,410.48,6.63,79.68,17.85
15100,374,334,3,635.1,175.2,350.4,292.0
15101,360,9,2,310.03,12.6,104.4,39.69
15103,87,32,2,703.36,6.64,85.0,20.1
15104,283,197,2,968.64,2.28,33.9,14.83
15105,135,19,7,2298.93,6.64,162.72,22.76
15106,270,18,5,1407.73,5.04,39.6,14.23
15107,373,312,6,247.66,7.8,51.0,19.97
15109,246,246,1,463.75,6.6,25.5,17.32
15110,319,24,4,973.2,10.2,119.85,28.46
15111,373,30,3,1567.48,2.88,39.6,18.66
15113,55,10,3,3339.51,0.39,244.8,36.18
15114,302,31,10,2760.56,4.56,51.0,14.01
15115,19,19,1,340.11,5.04,34.0,16.2
15116,205,18,4,1352.75,7.9,157.92,30.06
15117,216,15,5,1550.13,1.65,192.0,19.64
15118,135,135,1,244.8,244.8,244.8,244.8
15119,246,246,1,266.4,12.6,39.95,19.03
15120,134,134,1,343.82,10.2,39.95,17.09
15121,289,51,2,457.72,6.64,25.5,16.35
15122,298,115,3,1612.13,5.04,58.5,19.92
15123,207,8,2,2199.31,5.04,81.12,20.75
15124,192,23,2,184.19,7.8,20.4,12.28
15125,271,26,15,11117.05,8.5,439.2,90.78
15127,66,66,1,406.53,15.0,60.0,25.41
15128,220,61,4,1419.54,4.8,49.8,14.42
15129,292,51,11,3447.4,9.9,408.0,41.04
15130,170,170,1,330.11,6.96,35.4,15.0
15132,263,19,5,977.93,7.8,102.0,18.81
15133,302,128,3,982.42,4.56,90.0,33.88
15134,241,15,8,1387.99,7.08,53.1,19.01
15135,240,240,1,127.15,11.7,19.5,15.45
15136,97,3,4,1282.45,10.2,52.2,18.92
15139,337,240,2,178.96,2.34,23.4,13.77
15140,265,53,7,2350.0,7.9,83.4,29.43
15142,47,47,1,498.74,7.9,53.1,19.18
15143,226,226,1,259.45,10.5,23.4,18.53
15144,313,9,17,6530.04,6.96,102.0,30.32
15145,249,5,4,1194.73,6.96,68.0,17.83
15146,292,165,2,1313.66,5.04,81.6,14.58
15147,241,241,1,608.65,10.2,87.6,22.27
15148,11,11,1,301.29,2.88,23.4,15.06
15149,134,134,1,520.8,12.75,67.5,22.64
15150,270,18,10,5280.83,4.68,40.8,15.52
15152,188,10,13,4684.24,3.36,44.85,17.51
15153,32,32,1,329.25,8.7,28.08,14.97
15154,76,76,1,224.73,0.19,25.0,3.58
15156,34,2,3,961.49,5.04,47.8,17.48
15157,359,4,3,1869.5,2.88,85.0,15.49
15158,46,46,1,401.4,9.36,135.0,57.34
15159,362,2,30,18573.68,2.88,250.0,26.25
15160,358,358,1,158.16,6.96,106.2,39.54
15163,193,19,2,304.47,1.25,69.3,10.5
15164,340,69,3,824.58,1.25,29.7,8.16
15165,374,374,1,487.75,10.5,26.1,18.06
15167,321,321,1,158.8,0.85,15.9,4.07
15168,26,26,1,106.56,6.96,47.7,21.31
15171,332,332,1,1034.5,102.0,745.0,257.9
15172,237,9,5,1624.05,4.56,40.8,14.76
15174,323,323,1,135.75,1.55,19.8,12.34
15175,72,72,1,224.14,2.88,19.5,9.75
15178,261,261,1,40.5,8.5,19.5,13.5
15179,320,19,5,2186.2,4.56,103.68,23.73
15180,368,368,1,87.5,10.2,18.6,14.58
15181,270,67,3,680.28,6.96,238.8,43.09
15182,269,155,2,622.85,11.6,35.4,21.48
15184,191,30,2,402.2,0.42,25.5,6.49
15185,71,71,1,310.62,4.68,79.9,14.79
15186,169,15,2,411.41,10.2,35.4,21.65
15187,213,2,16,4670.08,4.68,306.0,52.5
15189,333,2,41,15802.14,3.3,350.4,76.53
15192,366,120,3,1044.32,3.36,69.6,20.48
15193,61,61,1,499.32,13.92,70.8,26.28
15194,369,4,15,7521.17,2.34,232.0,24.57
15195,3,3,1,3861.0,3861.0,3861.0,3861.0
15197,359,11,3,656.44,4.68,419.4,33.74
15198,125,93,2,193.64,5.04,35.4,19.36
15199,309,60,4,1268.7,16.35,255.0,97.59
15201,248,88,5,927.84,4.68,120.0,17.92
15203,312,26,6,1827.8,3.42,33.0,12.87
15204,358,358,1,316.58,15.0,68.0,35.18
15205,128,86,2,648.83,5.04,87.6,17.66
15206,276,11,4,420.3,17.7,61.2,46.7
15208,354,2,5,867.62,6.8,66.0,20.72
15210,226,226,1,331.18,1.25,49.95,16.56
15211,366,61,2,894.41,10.2,38.25,17.2
15212,242,242,1,88.95,11.6,39.8,20.36
15213,330,319,2,325.05,2.1,19.5,13.68
15214,243,2,8,1661.44,3.8,30.0,15.1
15215,97,47,3,615.99,13.0,62.4,21.0
15216,88,88,1,96.6,33.0,63.6,48.3
15218,319,11,11,5756.89,0.42,232.0,34.68
15219,177,177,1,305.75,12.75,89.2,33.97
15220,281,52,6,1758.92,2.34,46.8,15.2
15221,367,367,1,114.1,50.85,102.0,80.65
15222,319,319,1,585.0,58.0,165.0,117.0
15223,250,226,2,454.9,10.4,175.2,37.79
15224,363,359,2,310.48,1.65,68.0,23.01
15225,235,235,1,409.4,9.9,35.4,17.8
15226,311,311,1,154.41,6.96,30.6,19.3
15227,318,37,5,1219.4,5.04,40.56,21.02
15228,295,67,4,3376.96,8.5,102.0,27.09
15230,241,240,2,429.6,10.2,59.4,18.68
15232,141,114,2,612.06,6.96,50.0,19.74
15234,277,277,1,197.0,1.92,19.8,14.07
15235,374,218,12,2247.51,5.04,35.4,15.72
15236,299,299,1,321.05,10.5,90.0,21.4
15237,228,2,4,1412.32,5.04,30.0,14.27
15238,185,30,3,1056.54,4.56,135.2,21.44
15239,79,11,2,764.34,5.04,35.4,15.93
15240,312,45,5,1685.57,5.25,60.0,21.88
15241,284,67,8,1738.59,2.88,85.0,15.97
15243,75,75,1,316.68,6.8,23.4,14.39
15244,249,66,2,631.57,5.04,70.8,18.58
15245,262,135,3,2515.84,7.56,244.8,28.27
15246,359,239,2,514.15,7.8,23.4,15.58
15247,123,123,1,356.0,10.4,81.6,59.33
15249,257,32,13,6657.36,2.5,59.4,19.11
15251,242,10,11,10327.11,34.56,348.0,94.46
15252,184,37,2,740.78,6.6,32.7,16.84
15253,170,17,5,915.3,6.96,40.8,17.32
15254,128,128,1,300.36,7.8,30.24,16.69
15255,67,67,1,890.85,9.96,83.4,18.95
15256,149,149,1,98.45,6.8,25.2,16.41
15257,284,284,1,232.15,10.2,165.0,45.31
15258,218,169,2,623.16,9.96,38.25,18.33
15260,373,101,7,1780.77,9.9,62.5,23.52
15261,136,136,1,254.82,4.56,29.7,13.41
15262,324,324,1,178.95,10.2,23.6,17.9
15263,107,107,1,156.51,5.04,17.4,13.04
15264,65,65,1,393.74,4.68,29.7,17.12
15265,236,152,2,1506.12,9.96,63.75,18.37
15266,339,339,1,119.3,14.85,39.8,19.88
15267,183,23,5,1717.36,60.0,306.0,156.12
15269,24,24,1,408.8,118.8,290.0,204.4
15270,311,16,7,2298.2,8.5,290.0,58.04
15271,366,8,15,2472.09,0.39,43.35,9.44
15272,87,58,2,721.94,0.78,39.8,11.46
15274,19,5,2,716.57,4.56,35.4,15.25
15275,38,38,1,609.19,4.56,24.9,15.0
15276,67,67,1,128.63,0.19,8.5,2.63
15277,47,47,1,255.9,5.04,45.0,21.32
15279,355,355,1,277.41,8.4,26.1,15.29
15280,173,173,1,113.12,0.39,25.5,7.07
15281,334,59,9,2239.95,4.56,39.6,16.78
15286,50,50,1,240.55,59.4,114.75,80.18
15287,71,23,2,485.24,5.04,90.0,24.33
15288,366,44,5,2306.52,1.1,135.0,26.21
15289,250,30,3,935.1,5.04,99.84,16.2
15290,360,5,18,7803.77,10.08,149.76,38.94
15291,374,26,15,4596.51,9.95,243.36,45.32
15292,202,202,1,178.39,0.84,15.95,7.43
15296,327,51,6,3610.31,4.95,175.2,18.93
15297,64,11,3,635.04,9.9,27.04,16.46
15298,367,3,12,3774.1,4.68,990.0,25.0
15299,373,68,7,3787.09,303.96,1003.2,643.86
15300,65,65,1,496.44,9.9,34.8,17.73
15301,369,51,12,5007.72,5.04,622.5,20.87
15303,291,291,1,574.02,10.2,35.4,18.52
15304,369,61,8,680.3,13.0,76.5,30.19
15306,149,65,3,1174.35,5.04,102.0,20.25
15307,96,96,1,205.3,12.5,22.5,17.11
15308,275,275,1,302.27,10.2,25.5,16.34
15311,374,1,91,59284.19,0.21,408.0,25.63
15312,355,76,4,921.1,5.04,81.6,19.68
15313,111,111,1,52.0,52.0,52.0,52.0
15314,200,200,1,327.97,2.28,25.2,13.67
15315,117,65,2,551.54,4.68,34.8,15.42
15316,327,327,1,165.0,165.0,165.0,165.0
15318,4,4,1,312.62,3.48,47.4,9.47
15319,284,284,1,204.5,7.8,25.5,12.78
15320,45,45,1,267.13,1.17,69.6,7.42
15321,292,71,3,2663.48,10.08,92.5,28.93
15322,86,86,1,602.97,8.5,40.56,16.18
15325,104,104,1,161.74,0.39,20.4,3.37
15326,334,334,1,311.71,5.04,27.04,10.75
15327,53,53,1,208.75,10.2,38.25,20.88
15329,172,40,3,1005.5,5.04,76.5,18.42
15330,61,33,2,714.96,2.88,254.4,55.0
15333,209,209,1,1028.56,3.75,180.0,64.28
15334,174,157,3,350.82,0.29,20.65,3.58
15335,54,54,1,170.22,0.29,15.0,4.86
15339,319,67,2,557.57,0.39,23.6,6.68
15341,81,81,1,2020.52,69.36,180.0,118.85
15342,130,130,1,391.76,9.36,30.6,16.92
15343,88,88,1,364.5,5.8,31.8,17.36
15344,75,1,3,476.58,6.96,51.0,21.69
15345,46,46,1,367.69,11.5,30.0,19.68
15346,333,333,1,252.42,5.04,19.75,14.85
15347,367,367,1,201.6,17.7,120.0,40.32
15348,73,73,1,158.04,5.04,30.0,17.56
15349,188,159,2,463.91,0.42,38.25,6.53
15350,374,374,1,115.65,14.85,25.2,23.13
15351,370,13,7,1836.69,0.42,50.4,8.83
15353,368,255,2,770.12,0.95,76.5,12.62
15355,54,30,2,277.05,4.95,47.7,19.79
15356,369,32,10,2718.03,0.29,35.4,5.45
15358,366,5,22,8235.65,4.68,79.0,15.15
15360,40,40,1,427.93,10.08,50.4,32.92
15361,362,362,1,418.92,10.2,203.52,59.85
15363,373,373,1,318.05,10.2,39.6,20.38
15364,255,96,2,913.19,9.36,237.6,31.49
15365,316,26,7,1330.45,7.44,99.6,20.3
15366,359,76,2,602.51,5.04,30.0,13.69
15367,276,58,4,1867.69,8.5,71.4,19.76
15368,22,22,1,446.94,16.5,279.24,111.74
15370,333,41,7,2360.55,5.04,262.8,25.38
15372,138,138,1,2007.4,30.24,179.0,74.35
15373,372,9,12,2213.11,0.42,102.0,18.3
15374,129,129,1,168.0,25.2,91.8,56.0
15376,223,41,3,1221.56,1.95,34.8,10.53
15379,359,170,7,3631.89,4.56,70.8,19.09
15380,366,9,5,1682.36,15.0,230.1,46.95
15381,269,214,2,596.85,17.7,314.55,74.61
15382,296,15,6,5927.86,4.98,71.4,19.72
15384,360,170,2,635.76,5.04,39.6,15.67
15385,41,41,1,316.88,10.2,157.92,26.41
15386,187,187,1,394.14,5.04,23.4,12.71
15389,173,173,1,500.0,500.0,500.0,500.0
15392,361,5,4,1515.73,2.88,83.4,18.28
15393,282,17,2,231.86,7.8,40.56,19.32
15394,359,10,4,2183.54,13.0,76.5,25.69
15395,326,326,1,107.45,13.5,17.85,15.35
15396,113,113,1,288.18,5.04,68.0,20.58
15397,290,290,1,94.0,13.5,17.85,15.67
15398,79,17,2,1339.63,8.4,35.7,18.43
15399,80,2,3,815.77,4.68,49.92,16.32
15400,279,93,5,666.7,10.2,105.0,59.68
15402,197,149,2,626.77,0.42,45.36,14.92
15405,190,190,1,349.1,5.04,102.0,43.64
15406,302,32,2,426.61,0.95,47.7,9.64
15407,306,34,4,1046.74,0.39,195.0,7.07
15408,265,265,1,267.18,1.3,22.5,7.86
15410,262,85,8,3450.84,7.8,118.8,28.29
15411,183,27,4,1336.43,2.08,51.0,13.76
15412,172,172,1,190.53,1.45,102.0,19.05
15414,243,10,3,774.9,2.5,59.4,19.87
15415,314,314,1,559.61,1.9,31.2,11.91
15416,283,65,4,3974.37,5.04,153.0,20.75
15417,86,86,1,508.8,13.2,20.8,18.17
15419,25,25,1,135.86,9.36,36.0,16.98
15421,311,59,4,950.36,5.04,31.8,17.93
15422,324,324,2,97.7,10.2,22.5,16.28
15423,39,39,1,43.5,7.5,36.0,21.75
15424,255,255,2,383.34,4.56,60.48,22.55
15426,370,20,5,1386.58,0.14,81.36,5.11
15427,48,34,3,1430.54,0.19,34.68,4.9
15428,16,16,1,93.78,6.96,22.5,15.63
15429,76,27,2,364.9,0.39,35.4,4.85
15432,24,24,1,171.19,10.14,30.6,17.12
15433,268,214,2,417.87,6.96,16.5,13.01
15434,201,9,5,997.48,9.96,60.0,18.94
15435,23,23,1,149.29,1.58,12.5,5.15
15436,235,13,3,1067.75,0.12,22.5,3.67
15437,263,263,1,200.16,0.39,22.95,4.45
15438,132,132,1,156.58,1.58,17.4,6.26
15440,209,55,3,383.68,0.79,42.5,6.19
15442,249,249,1,594.0,297.0,297.0,297.0
15443,321,2,7,3188.84,0.39,50.15,8.64
15444,41,10,2,1411.21,0.65,27.04,6.59
15445,265,265,1,113.5,17.7,30.0,22.7
15447,331,331,1,155.17,10.2,25.5,17.24
15448,313,313,1,494.64,10.2,34.8,17.67
15449,262,27,3,971.22,6.72,31.2,16.24
15450,31,31,1,429.84,5.8,27.0,14.33
15452,265,30,3,528.48,0.42,25.2,9.44
15453,188,2,7,1371.77,0.29,30.0,4.92
15454,363,363,1,179.1,0.95,21.9,7.16
15456,360,284,3,434.59,0.63,30.24,7.49
15457,263,263,1,237.07,0.58,19.9,4.09
15458,26,26,1,161.64,15.0,39.6,23.09
15460,355,355,1,214.26,0.55,13.2,3.83
15462,188,95,3,234.6,15.0,45.0,21.33
15463,30,30,1,126.14,6.84,30.6,18.02
15464,339,339,1,1044.65,0.65,59.9,6.74
15465,370,20,18,6945.02,7.5,525.6,75.82
15466,86,86,1,334.53,0.42,19.8,5.87
15467,153,10,3,511.88,1.25,46.8,10.09
15468,52,52,2,438.46,13.28,25.2,19.48
15469,121,51,2,504.5,9.96,83.2,22.44
15471,3,3,1,454.48,0.55,81.6,6.23
15472,114,114,1,371.56,0.6,16.6,4.89
15473,61,15,7,1465.2,102.0,306.0,161.02
15475,78,78,1,454.11,9.96,47.8,15.66
15478,57,41,2,1399.92,1.25,118.8,31.82
15482,359,16,12,6393.52,12.0,716.4,112.16
15483,267,162,4,225.26,0.19,17.4,2.68
15484,79,2,4,3559.21,1.25,118.8,19.2
15485,374,31,3,2564.5,1.25,204.0,30.17
15488,93,93,1,91.32,15.0,76.32,45.66
15489,212,23,3,1090.03,9.96,60.84,22.69
15491,236,96,6,3090.85,2.28,88.8,20.13
15492,75,29,2,659.46,5.04,50.0,18.84
15493,271,33,5,1918.86,0.58,51.0,6.76
15494,122,22,2,1280.58,0.42,59.4,10.5
15497,320,18,2,1259.7,30.0,232.0,84.15
15498,367,3,27,12396.46,0.29,141.6,26.01
15500,82,9,4,1131.56,5.04,35.4,16.64
15502,370,16,12,5541.46,5.25,3155.95,48.76
15503,363,363,1,141.04,0.42,9.95,2.14
15504,82,82,1,52.83,0.75,7.5,4.06
15505,156,53,5,3497.14,2.88,177.0,37.23
15506,139,23,3,972.08,0.29,60.0,6.04
15507,172,172,1,475.86,1.65,29.85,10.57
15508,236,190,6,1000.27,0.38,45.0,10.87
15510,331,331,1,250.0,250.0,250.0,250.0
15511,86,12,5,900.53,0.29,38.25,5.7
15512,360,156,2,121.0,10.0,23.4,17.29
15513,374,34,19,14520.08,5.04,267.6,47.92
15514,365,13,11,2907.45,0.42,734.4,24.24
15516,47,45,3,62.43,0.78,8.67,4.16
15517,234,234,1,267.03,1.25,30.6,9.89
15518,333,65,8,1890.99,0.84,37.5,9.15
15520,2,2,1,343.5,9.48,34.68,19.08
15521,255,41,8,2574.65,0.84,250.0,16.22
15522,88,33,2,397.99,0.12,39.84,7.11
15523,85,85,1,412.01,2.08,232.5,41.2
15524,25,25,1,440.0,440.0,440.0,440.0
15525,374,3,3,719.47,0.29,29.85,4.71
15526,34,34,2,148.44,2.5,119.4,37.11
15527,355,19,8,2347.57,0.42,91.8,14.99
15528,255,255,1,229.33,0.65,58.0,8.82
15529,367,23,11,3935.15,0.39,59.4,5.99
15530,247,22,4,1497.31,1.65,51.0,13.99
15531,31,9,2,1972.39,0.39,54.75,9.01
15532,359,26,4,1500.88,0.75,35.4,6.23
15533,90,20,3,746.92,0.57,79.2,9.73
15535,328,174,4,426.4,1.69,30.0,6.98
15537,164,164,1,110.92,0.75,19.8,4.62
15539,8,8,1,538.46,1.26,61.2,13.13
15540,12,12,1,213.3,2.52,30.0,14.22
15541,115,115,1,85.13,0.84,8.85,2.94
15543,289,289,1,127.86,0.85,11.8,4.57
15544,373,10,9,3542.51,5.04,33.2,13.69
15545,372,55,2,288.97,0.55,23.25,3.61
15547,363,8,14,4910.6,0.39,201.6,7.07
15549,317,78,3,1643.96,0.78,124.8,14.75
15550,302,5,4,575.63,0.78,39.6,9.44
15551,37,37,1,436.06,2.73,40.56,15.04
15552,218,218,1,90.12,0.95,15.0,5.3
15553,61,61,1,428.93,0.42,26.55,7.8
15554,278,278,1,217.2,10.2,19.9,15.51
15555,370,13,16,4747.89,0.3,76.5,5.41
15556,25,25,1,279.77,0.78,50.0,9.02
15557,29,29,1,468.91,2.08,90.0,24.68
15561,216,12,4,722.74,5.1,118.8,29.65
15562,352,352,1,134.55,134.55,134.55,134.55
15563,359,23,4,1319.69,1.3,59.4,12.39
15565,71,51,2,173.16,16.5,30.6,21.64
15567,19,19,1,186.01,5.76,99.84,26.57
15568,74,3,3,758.29,0.85,99.6,14.31
15569,333,104,5,1375.71,0.57,244.8,44.38
15570,370,8,12,4093.27,0.42,45.0,13.01
15571,79,12,4,650.43,0.39,89.25,11.41
15572,279,5,7,2533.42,0.58,195.0,11.95
15573,86,32,2,591.19,0.21,38.25,6.09
15574,373,178,4,675.64,0.29,38.25,4.44
15576,38,38,1,921.37,5.9,239.04,21.43
15577,306,152,3,258.88,0.39,24.9,6.64
15578,163,163,1,127.1,0.55,39.6,9.78
15579,314,69,2,327.6,0.85,25.0,6.82
15581,367,121,13,3425.77,0.39,2500.0,25.18
15582,221,25,3,682.91,5.04,35.4,15.52
15584,163,24,4,718.36,0.85,45.0,5.91
15585,177,177,1,455.3,4.56,39.6,14.69
15587,352,51,4,913.68,30.6,244.08,101.52
15589,311,256,3,456.58,9.95,30.0,16.5
15592,47,47,1,388.58,6.64,60.0,16.19
15593,71,71,1,199.8,10.2,83.4,39.96
15594,235,16,5,1767.53,5.88,39.6,17.2
15596,366,101,5,1343.34,5.95,39.8,18.27
15597,36,36,1,315.72,4.56,30.6,14.75
15598,54,54,1,235.68,6.96,24.96,17.19
15599,205,27,2,761.74,5.04,35.4,14.65
15601,373,12,14,6745.36,4.56,71.4,16.53
15602,369,9,9,1083.63,2.9,93.6,28.21
15603,79,79,1,48.48,13.92,34.56,24.24
15604,53,53,1,216.39,6.64,29.88,12.73
15605,374,37,5,1198.23,10.08,50.4,17.88
15606,325,62,9,2422.64,10.08,90.0,37.92
15607,337,337,1,104.76,2.28,17.0,8.06
15608,121,29,4,1093.68,9.95,107.28,18.23
15609,185,185,1,270.03,11.5,30.0,18.66
15610,52,52,1,112.46,13.52,25.0,18.74
15611,335,10,13,1568.39,6.0,214.8,37.01
15612,62,37,2,195.15,15.0,89.25,32.52
15615,360,11,23,10360.04,6.64,122.04,24.59
15618,137,33,4,747.03,0.0,30.0,17.26
15619,11,11,1,336.4,91.8,145.0,112.13
15620,359,57,3,1524.4,2.52,31.6,15.53
15621,22,5,4,1158.77,1.95,236.88,80.81
15622,283,44,9,3224.53,6.6,49.95,20.05
15623,142,142,1,301.03,9.9,19.9,15.84
15624,257,117,4,588.13,6.24,35.4,17.3
15625,236,104,4,1504.56,10.2,69.6,23.97
15626,330,75,2,675.8,5.76,39.8,13.79
15628,367,5,9,2865.64,6.96,66.0,18.52
15630,205,46,2,1180.4,6.96,59.8,19.77
15632,275,16,8,3147.31,2.88,79.2,19.67
15634,18,18,1,243.55,10.2,29.7,16.24
15636,283,90,2,724.76,11.5,71.6,28.99
15637,53,53,1,223.36,6.64,30.0,14.89
15639,135,135,1,425.32,5.04,39.8,17.01
15640,373,5,15,12336.74,0.55,238.8,26.08
15641,360,106,4,1887.2,2.88,59.4,15.86
15643,283,192,3,647.4,6.6,66.4,20.12
15644,262,167,4,803.54,0.42,22.95,3.46
15645,19,19,1,612.01,0.39,81.6,11.77
15646,373,158,3,425.14,2.88,22.5,12.79
15648,268,205,2,582.05,15.0,58.0,26.65
15649,368,337,2,816.0,306.0,510.0,408.0
15651,261,37,3,646.3,5.04,85.92,20.2
15652,92,92,1,337.74,7.02,49.8,16.08
15653,116,93,2,877.44,10.2,414.72,146.24
15654,27,10,2,922.53,14.85,111.3,43.93
15655,244,244,1,511.32,10.2,25.5,16.49
15656,285,46,4,748.5,6.96,30.0,15.93
15657,23,23,1,30.0,30.0,30.0,30.0
15658,373,191,5,958.9,7.5,76.5,21.34
15659,44,44,1,306.45,15.0,49.5,27.86
15660,366,26,9,1552.01,4.56,47.2,17.79
15661,339,318,2,309.8,6.6,174.0,61.96
15663,107,107,1,138.14,11.9,23.4,15.35
15664,51,51,1,358.63,9.96,40.56,22.73
15665,244,169,2,2222.21,2.55,71.4,19.32
15667,40,40,1,301.32,9.36,41.4,23.18
15668,218,218,1,76.32,76.32,76.32,76.32
15669,264,41,4,677.69,2.88,85.92,20.74
15670,297,297,1,173.05,10.0,19.8,14.42
15671,271,19,7,2635.49,6.96,306.0,34.07
15673,328,89,4,2726.23,2.85,110.5,19.76
15674,255,74,5,1744.02,4.56,334.71,21.46
15675,281,82,3,323.69,4.0,27.36,15.41
15676,284,19,3,3324.09,5.04,63.6,17.01
15677,50,50,1,657.23,9.96,44.55,19.92
15678,53,53,1,352.7,10.2,62.4,29.39
15679,183,25,4,781.28,0.48,33.0,7.1
15680,367,10,3,1333.68,4.68,62.4,17.1
15681,281,26,5,946.36,7.8,68.0,26.91
15683,118,118,1,193.75,10.2,40.8,19.38
15687,331,9,9,2981.5,10.0,51.0,18.03
15689,362,120,2,254.1,12.6,81.0,28.23
15690,101,5,2,239.76,4.56,46.8,12.62
15691,253,253,1,136.8,45.0,91.8,68.4
15692,29,29,1,191.04,6.96,24.9,15.92
15694,373,1,14,6423.6,12.5,406.8,83.07
15695,267,267,2,409.98,11.7,38.25,18.64
15696,327,34,8,2619.11,0.85,59.95,16.14
15699,18,18,1,309.65,10.08,29.95,17.2
15700,174,173,2,664.03,1.26,40.8,8.1
15701,111,3,4,1529.0,0.19,29.95,6.65
15703,265,265,1,211.5,15.0,107.1,42.3
15704,216,141,4,2293.62,0.42,118.8,19.6
15705,202,202,1,143.1,15.9,60.0,23.85
15706,117,64,4,1001.81,9.95,102.0,19.28
15707,87,36,4,916.98,0.29,45.0,4.47
15708,370,41,7,3200.73,0.39,65.4,11.85
15709,284,284,1,133.25,16.35,38.16,22.21
15712,288,10,5,1072.36,9.95,101.76,20.23
15713,367,144,2,346.75,6.96,53.1,18.77
15714,78,12,2,330.03,0.85,41.6,9.71
15716,370,146,4,1101.11,0.55,81.6,9.41
15717,235,235,1,150.3,10.2,35.4,21.47
15719,338,33,13,5028.42,0.55,39.0,5.4
15720,25,25,1,598.73,0.39,62.4,4.68
15721,12,12,1,471.4,0.65,70.8,5.61
15722,291,36,5,2169.86,1.45,231.0,33.0
15723,365,365,1,190.7,0.65,29.85,5.02
15724,285,202,2,212.3,10.5,35.7,19.84
15725,16,16,1,415.25,4.68,33.0,12.98
15727,360,17,7,5159.06,0.55,250.0,17.14
15729,213,213,1,62.0,15.0,23.0,17.0
15730,207,66,3,1108.38,6.24,33.0,16.01
15732,373,213,2,294.12,10.5,39.0,21.01
15733,283,283,1,162.3,11.9,19.8,16.23
15734,201,115,2,1339.45,9.96,207.5,51.52
15737,243,15,8,1121.21,6.2,41.6,16.73
15738,373,19,16,4788.77,6.8,98.1,27.82
15739,67,67,1,449.12,23.8,107.28,56.14
15740,50,50,1,154.88,6.96,28.08,17.21
15743,185,17,4,775.96,0.42,35.7,9.02
15744,78,78,1,34.8,6.96,13.92,11.6
15745,237,20,4,1071.24,4.68,59.4,17.65
15746,135,135,1,182.96,1.25,18.75,7.03
15747,173,13,3,946.64,1.65,69.6,10.52
15748,41,41,1,144.36,1.25,19.5,7.22
15749,333,236,3,21535.9,2730.0,6539.4,4453.43
15750,367,3,8,2448.8,0.78,40.8,8.46
15752,373,40,7,2618.15,0.38,50.4,6.49
15753,305,305,1,79.2,79.2,79.2,79.2
15754,247,52,3,455.67,11.7,25.2,16.38
15755,295,11,6,2318.88,1.45,35.4,16.77
15756,250,62,4,528.01,0.39,12.75,2.76
15757,218,66,2,714.42,5.04,35.7,15.88
15758,25,25,1,205.25,15.0,34.0,22.81
15759,359,219,3,253.04,5.04,68.0,36.15
15762,78,66,2,583.75,6.64,25.5,15.78
15763,78,32,2,1048.67,9.95,79.9,17.82
15764,277,89,6,3245.47,1.25,178.75,18.22
15766,65,65,1,315.06,10.08,61.2,28.64
15768,226,116,3,581.83,8.5,250.0,23.03
15769,372,8,26,51823.72,40.68,1980.0,432.71
15773,6,6,1,635.68,7.08,488.16,63.57
15774,69,69,1,270.8,1.65,25.5,10.83
15775,246,246,1,104.9,10.2,17.7,14.99
15776,134,134,1,241.62,6.84,25.5,13.42
15777,362,242,4,1021.61,9.95,285.6,49.86
15780,358,184,3,475.28,6.6,30.6,16.39
15781,306,26,3,333.56,9.36,35.4,17.27
15782,90,10,3,2593.94,17.34,149.76,60.81
15783,11,11,1,246.3,10.2,30.24,17.59
15785,296,33,5,2303.75,6.64,175.2,28.06
15786,115,47,3,4821.0,5.04,59.4,18.49
15787,62,27,3,933.26,0.39,25.0,4.67
15789,359,359,1,351.3,5.04,23.4,14.05
15790,11,11,1,218.75,0.39,24.75,6.43
15791,205,44,2,1604.44,5.04,81.0,21.5
15793,269,15,3,948.96,16.65,214.8,80.47
15795,150,150,1,610.01,5.04,23.4,14.52
15796,303,2,8,2663.66,0.84,91.8,20.52
15797,320,114,4,2207.4,15.0,408.0,275.92
15799,335,76,3,884.14,0.55,51.0,9.02
15800,247,108,2,696.89,0.29,30.0,5.96
15801,110,47,3,1042.19,6.96,39.6,16.62
15803,52,52,1,415.82,17.0,94.64,51.98
15804,199,1,13,3848.55,3.36,250.0,16.05
15805,365,24,17,5411.87,4.56,102.0,18.36
15806,277,47,3,784.58,10.08,118.8,25.31
15807,78,51,3,903.9,6.8,49.5,18.83
15808,370,307,4,3641.07,0.85,83.7,18.72
15809,303,37,5,399.21,4.56,20.4,14.74
15810,297,79,4,1145.43,2.99,33.2,15.64
15811,366,23,6,2171.32,5.04,47.7,16.68
15812,318,108,5,1801.14,1.7,297.0,43.93
15813,240,208,2,1303.91,9.96,175.2,32.6
15814,51,17,4,1842.73,4.68,156.6,27.02
15815,260,64,5,2100.6,5.04,254.4,42.87
15819,277,50,4,1905.45,5.04,51.0,15.49
15820,320,320,1,206.98,1.25,90.0,12.18
15821,62,45,2,570.96,1.25,29.85,9.21
15822,360,4,2,885.47,2.85,70.8,26.83
15825,173,173,1,532.94,2.28,250.0,26.65
15826,211,57,3,1649.36,10.2,104.04,24.33
15827,373,74,14,1641.48,6.64,31.6,15.97
15829,141,100,2,636.14,2.88,34.8,12.47
15830,38,38,1,547.7,5.04,33.0,14.77
15831,325,59,3,740.64,0.39,64.35,12.04
15832,255,255,1,836.79,8.5,31.6,15.5
15834,278,71,4,2076.3,0.42,125.0,8.27
15835,331,45,4,954.09,6.64,50.85,19.08
15836,51,51,1,117.47,9.9,25.0,13.74
15837,65,65,1,391.98,6.8,30.0,16.33
15838,368,12,19,33350.76,17.28,1790.0,201.46
15839,149,34,3,1020.74,2.88,44.55,16.91
15840,173,59,2,345.66,5.04,23.4,13.17
15841,339,73,4,1209.1,9.36,187.5,26.04
15843,304,304,1,118.95,12.6,17.85,14.87
15844,47,47,1,130.74,6.96,21.9,11.89
15845,338,18,8,3650.87,6.6,81.12,26.9
15847,289,39,2,389.27,8.5,60.48,17.69
15850,169,20,2,234.88,0.19,15.12,2.53
15852,198,187,2,160.71,0.42,57.5,7.31
15853,52,52,1,110.8,0.55,10.5,3.69
15854,362,5,12,2969.12,0.21,214.2,21.52
15855,264,137,5,712.24,0.95,39.6,8.9
15856,366,5,27,15929.74,0.29,408.0,25.71
15857,19,19,1,297.0,13.2,81.6,21.21
15858,368,16,5,1427.57,0.1,102.0,7.59
15860,369,41,8,965.16,0.84,33.9,6.94
15861,268,13,8,2981.92,0.42,165.0,5.83
15862,374,9,4,832.88,0.42,40.56,5.67
15863,193,26,2,68.84,0.39,9.95,3.82
15864,317,23,6,1769.78,9.9,225.0,96.82
15865,214,41,3,895.13,5.04,83.2,22.38
15866,102,102,1,211.89,1.25,16.95,4.93
15867,370,6,15,3795.29,0.42,52.2,8.3
15869,278,278,2,149.64,1.45,30.24,9.98
15870,33,33,1,351.44,0.55,24.96,4.75
15872,15,15,2,316.25,0.19,19.9,2.93
15874,285,64,7,4330.67,0.65,306.0,36.72
15877,18,2,2,437.83,0.21,42.0,3.89
15880,370,370,1,299.03,0.42,30.0,3.43
15881,365,313,5,438.24,0.29,100.8,17.29
15882,369,199,4,495.36,0.42,60.0,22.45
15883,34,3,2,396.48,0.95,30.6,8.09
15885,310,93,3,379.35,15.0,51.0,21.08
15886,61,61,1,181.09,0.95,58.0,15.09
15888,81,81,1,141.27,0.55,76.5,14.03
15889,370,157,2,420.07,0.42,21.95,4.94
15891,227,227,1,511.68,0.76,26.4,8.53
15894,370,254,2,258.25,0.55,74.25,6.98
15895,150,150,1,179.17,0.42,137.16,16.29
15897,195,195,2,208.59,0.85,110.5,9.48
15898,369,2,5,1379.63,0.65,275.0,16.47
15899,369,369,1,56.25,9.9,20.0,14.06
15900,24,24,1,337.28,0.39,22.5,7.18
15901,155,17,3,351.73,0.21,16.95,3.17
15903,296,10,7,5126.34,5.04,237.6,69.28
15904,9,9,1,164.68,0.55,28.75,5.49
15906,256,20,7,1521.79,0.65,51.0,10.45
15907,211,4,3,882.72,0.12,34.65,3.91
15909,174,174,1,191.94,5.04,61.2,27.42
15910,317,1,8,1228.88,0.39,19.8,4.62
15912,234,179,2,264.62,0.42,35.4,13.93
15916,367,17,8,1466.01,0.78,44.75,9.95
15917,248,248,1,123.1,1.25,29.9,10.26
15918,272,191,2,334.23,1.25,35.7,8.36
15919,369,20,2,525.69,0.39,25.5,4.31
15920,155,155,4,167.5,0.1,8.95,2.79
15921,173,173,1,323.03,1.25,81.12,13.46
15922,374,374,1,363.6,13.2,75.6,33.59
15923,373,373,1,127.08,0.85,20.8,6.05
15925,195,195,1,207.15,5.8,38.25,17.26
15930,68,68,1,426.63,14.85,35.4,20.32
15932,290,5,8,2461.85,4.56,122.04,21.7
15933,87,22,3,1107.46,4.56,45.0,14.97
15935,242,240,2,416.86,5.04,308.82,34.74
15937,65,65,1,145.35,14.85,33.6,20.76
15938,324,113,5,404.58,9.9,60.0,22.48
15939,332,90,15,6102.26,10.08,306.0,80.46
15940,312,312,1,31.8,35.8,35.8,35.8
15942,134,134,1,337.44,10.08,45.0,24.1
15944,277,277,1,325.1,15.8,175.2,54.18
15945,366,366,1,181.0,13.6,167.4,90.5
15947,83,83,1,1708.24,13.28,179.0,58.9
15948,44,9,2,955.24,10.2,23.4,15.92
15949,72,17,2,364.72,9.36,35.4,19.2
15950,360,32,4,1684.46,0.85,67.85,17.99
15951,286,9,2,669.57,9.96,31.6,17.27
15952,226,34,4,781.91,0.65,35.4,9.31
15953,370,16,8,1632.43,0.42,81.6,17.09
15955,373,25,14,4389.81,6.64,179.0,24.13
15957,32,32,1,428.89,0.84,50.4,10.21
15958,75,75,1,104.35,1.7,43.45,14.91
15963,46,20,2,470.76,7.8,39.6,16.81
15965,368,18,4,808.87,0.55,59.0,7.29
15967,319,24,2,397.68,0.65,24.75,4.97
15969,186,3,3,582.9,10.2,83.2,33.3
15970,304,304,1,314.1,12.6,49.8,28.55
15971,312,18,12,4199.85,4.95,708.0,120.0
15973,367,367,1,99.77,17.0,197.1,76.96
15974,289,40,7,3429.55,4.56,175.2,19.56
15975,85,85,1,371.01,9.36,23.4,15.46
15976,221,166,2,427.64,0.84,23.4,4.45
15977,40,18,2,1054.73,1.9,56.16,16.23
15978,78,78,1,1098.78,9.36,70.8,22.42
15980,255,89,3,2398.86,18.75,199.2,55.79
15981,312,25,8,3408.48,12.6,102.0,35.14
15983,374,23,4,1465.12,0.84,91.8,13.08
15984,369,3,10,2759.93,0.42,183.06,10.78
15985,237,124,2,1037.42,12.6,122.4,30.88
15986,31,31,1,168.12,6.24,19.8,12.01
15987,369,13,7,1432.77,0.21,353.34,11.19
15988,20,20,1,156.78,1.25,22.5,6.03
15990,288,45,2,792.11,2.9,51.0,15.23
15992,4,4,1,41.99,13.52,14.95,14.0
15993,45,9,7,2736.92,0.29,30.0,5.12
15994,55,55,1,414.27,2.25,49.92,12.95
15996,367,89,6,1016.68,1.25,35.95,8.13
15998,363,37,5,3074.42,0.55,47.7,6.11
16000,3,3,3,12393.7,855.6,2046.0,1377.08
16003,360,30,5,2735.37,2.55,250.0,26.56
16005,271,13,4,578.71,0.39,9.95,2.88
16006,212,212,1,101.4,3.48,33.2,12.68
16007,216,48,4,1693.81,0.55,30.0,4.45
16008,205,24,3,478.78,0.85,31.8,14.51
16009,160,23,4,972.11,0.85,59.0,11.86
16010,363,246,3,392.4,0.29,38.35,4.97
16011,367,9,16,3352.96,0.42,70.8,15.97
16012,156,36,3,1415.29,1.45,127.5,15.06
16013,372,4,47,33366.25,11.9,1815.0,267.13
16014,292,38,3,637.58,0.55,22.5,4.69
16015,50,4,3,689.7,0.29,85.32,3.89
16016,367,4,8,1440.06,0.29,33.9,6.54
16017,48,48,1,211.88,1.25,19.95,6.62
16018,181,40,2,408.9,1.25,49.92,14.6
16019,365,47,9,3450.24,0.95,175.2,23.66
16020,66,17,3,851.01,8.2,102.0,18.5
16022,261,261,1,602.63,0.55,42.5,8.49
16023,267,47,3,719.81,0.42,20.85,7.13
16024,13,13,1,251.03,0.21,15.12,3.98
16025,30,30,1,439.66,9.36,23.4,15.7
16026,44,44,1,236.09,1.25,15.6,7.38
16027,303,92,6,852.12,14.75,165.0,58.41
16029,374,39,63,53168.69,30.6,8142.75,335.48
16030,310,310,1,331.24,2.95,27.9,11.42
16031,248,93,2,547.9,0.19,39.95,5.59
16033,370,6,20,8690.03,0.42,85.0,7.78
16034,333,197,3,437.7,1.25,71.4,19.9
16036,264,88,2,758.92,1.65,60.84,13.8
16037,359,270,3,855.02,6.96,139.8,21.92
16038,202,8,3,454.33,3.9,35.7,18.15
16040,269,66,3,1313.55,7.56,48.9,20.21
16041,142,31,3,3166.4,208.8,1044.0,527.73
16042,333,23,5,1127.57,7.95,34.68,16.82
16043,318,38,4,773.99,5.04,70.8,19.85
16045,291,120,4,1340.7,5.04,45.0,16.15
16048,374,374,2,243.69,5.04,50.4,32.06
16049,76,41,3,1074.81,0.21,30.0,3.59
16050,174,174,1,137.9,2.88,24.9,13.79
16052,55,55,1,362.06,0.65,40.56,10.65
16053,123,33,2,1511.95,6.8,57.6,18.0
16054,146,146,1,783.9,1.74,31.9,11.2
16055,221,221,1,134.8,9.9,24.95,16.85
16056,46,46,1,650.75,1.25,40.8,9.86
16057,285,17,7,2140.22,9.95,39.6,18.7
16059,368,66,6,1453.16,0.85,30.0,8.16
16062,365,10,4,1153.62,5.04,102.0,18.03
16063,261,261,1,335.32,10.08,20.4,14.58
16065,366,366,1,367.14,0.55,40.8,5.03
16066,125,17,5,1521.04,0.39,103.68,15.06
16070,33,23,2,852.15,2.88,102.0,25.82
16071,45,45,1,326.24,5.04,23.4,15.54
16072,289,289,1,584.32,6.72,102.0,25.41
16073,298,298,1,94.35,122.4,122.4,122.4
16076,209,4,10,2173.53,1.1,59.4,17.32
16078,284,284,1,79.2,79.2,79.2,79.2
16079,41,17,3,1352.0,5.04,408.0,64.38
16080,275,82,2,176.6,8.5,41.6,21.72
16081,367,57,5,2799.42,0.39,81.6,12.55
16083,361,101,2,1317.62,4.56,158.4,42.5
16084,300,300,1,436.18,0.55,45.9,11.48
16085,321,24,5,981.51,0.42,17.9,5.88
16086,368,60,5,1119.31,2.9,99.6,28.75
16091,199,155,2,315.06,10.2,24.96,17.5
16092,255,115,3,779.36,6.72,30.0,16.04
16093,107,107,1,17.0,17.0,17.0,17.0
16094,220,12,4,1041.83,9.36,51.0,17.11
16096,265,265,1,320.62,10.08,125.0,26.72
16097,241,241,1,185.05,14.95,30.0,18.5
16098,374,88,7,2005.63,3.75,178.2,29.93
16099,226,51,3,731.9,8.4,41.6,18.77
16101,71,71,1,1245.96,6.64,30.0,16.98
16102,129,43,3,1842.14,2.52,129.0,32.32
16103,234,8,6,1429.64,12.5,149.0,29.78
16104,62,62,1,298.21,1.65,50.85,10.65
16105,249,249,1,336.96,10.5,101.76,25.92
16106,66,66,1,108.38,13.28,23.4,18.06
16107,184,18,7,3204.16,17.7,237.6,103.36
16108,85,85,1,816.1,7.44,34.68,17.55
16109,309,219,2,611.88,4.56,131.4,33.99
16110,312,46,3,1320.95,0.39,30.0,3.86
16112,339,144,4,195.74,4.56,51.84,12.23
16113,184,184,1,161.38,0.55,20.16,5.38
16114,171,171,1,135.75,12.6,19.8,16.97
16115,293,10,8,1660.88,0.65,29.7,5.95
16116,212,212,1,592.88,2.28,39.8,18.02
16117,190,190,1,232.21,1.25,22.5,7.74
16119,73,9,2,423.36,10.08,59.4,26.46
16120,60,60,4,1294.14,1.65,151.2,43.64
16121,216,58,2,854.66,0.39,29.88,4.19
16122,367,74,4,684.42,3.36,124.8,18.01
16123,52,52,1,307.78,10.08,39.6,19.24
16124,318,318,1,187.15,11.9,33.9,22.64
16125,368,368,1,289.35,10.5,45.0,22.26
16126,297,30,4,6287.77,15.3,170.0,53.74
16127,40,40,1,656.25,7.9,46.8,16.41
16128,283,18,5,1880.22,5.04,79.8,21.13
16131,240,52,6,3506.54,6.96,135.0,44.96
16133,319,4,33,14305.66,2.88,348.0,43.16
16134,360,22,2,603.69,8.2,35.4,17.66
16135,263,263,1,517.55,9.9,175.2,24.65
16136,278,60,3,709.38,7.8,47.7,19.17
16139,207,19,3,635.41,9.96,49.5,20.5
16140,372,66,2,703.77,5.04,103.68,20.72
16141,89,89,1,620.4,10.08,41.6,20.68
16142,250,250,1,535.34,5.04,40.8,14.47
16143,370,4,6,2419.84,6.8,250.0,20.73
16144,247,247,1,175.2,175.2,175.2,175.2
16145,360,9,11,3741.98,2.88,70.2,16.96
16146,233,158,3,734.13,10.2,102.0,25.31
16147,134,134,1,375.0,5.04,30.0,17.05
16148,297,297,1,76.32,76.32,76.32,76.32
16149,143,5,2,280.52,9.12,25.2,15.58
16150,373,43,5,1906.07,8.5,39.8,17.55
16152,269,269,1,1829.04,17.0,131.4,63.07
16153,355,50,5,1824.23,6.64,76.32,20.5
16156,311,9,9,2994.62,4.68,118.8,24.16
16157,73,16,3,644.24,13.52,118.8,36.48
16159,282,282,1,348.2,15.0,45.0,24.87
16160,86,66,2,1009.45,18.72,232.0,51.27
16161,369,2,19,5311.08,0.84,49.5,11.75
16162,253,253,1,37.4,11.9,25.5,18.7
16163,366,233,2,441.6,16.35,415.0,142.77
16164,43,18,3,802.53,9.36,104.04,24.19
16168,370,11,27,3770.6,10.08,257.76,38.65
16169,76,9,4,1822.97,2.88,70.8,21.45
16170,249,51,6,1880.42,2.88,46.8,15.08
16171,60,60,1,73.2,23.4,24.9,24.4
16172,242,96,5,1140.21,5.04,59.4,16.52
16173,99,16,6,1406.57,6.72,44.55,16.88
16174,152,127,3,1009.55,12.75,249.6,43.89
16175,241,95,4,1037.59,9.9,35.7,17.89
16177,51,51,1,331.95,14.85,41.6,22.13
16178,139,139,1,197.9,14.75,47.8,24.74
16179,61,61,1,215.83,5.04,41.7,19.62
16180,253,101,8,10217.48,7.8,179.0,63.3
16181,74,74,1,305.54,8.5,141.6,27.78
16182,295,73,4,6617.65,10.2,537.0,236.34
16183,68,68,1,338.71,14.85,83.4,22.58
16184,212,65,6,1155.54,10.2,54.08,25.75
16185,233,17,2,529.41,8.2,25.5,17.08
16186,373,23,12,3991.94,5.04,70.8,18.38
16187,285,32,15,6841.24,5.04,83.2,23.43
16188,243,45,4,981.86,4.56,39.6,14.65
16189,86,16,2,215.48,8.7,60.0,19.59
16190,41,41,1,215.08,14.85,89.85,35.85
16191,361,3,13,4913.32,5.04,326.4,38.66
16193,237,237,1,314.45,5.04,25.2,16.55
16198,76,76,1,400.68,0.0,41.6,26.71
16200,165,5,2,1068.87,0.29,33.9,6.21
16201,110,4,4,1821.52,3.48,54.08,16.79
16202,361,361,1,365.27,5.04,63.6,20.29
16203,373,59,4,589.15,10.2,25.5,16.94
16204,24,24,1,384.18,0.29,30.0,7.68
16205,180,31,4,757.63,0.38,90.0,7.81
16206,328,55,4,537.06,0.42,70.8,8.52
16207,26,26,1,394.38,1.9,50.0,20.76
16208,290,45,2,664.26,0.42,39.8,10.06
16209,247,89,5,2262.62,6.96,1220.4,49.19
16210,374,2,18,21086.3,6.72,3254.4,171.43
16211,89,89,1,542.77,6.64,175.2,23.78
16212,284,20,2,681.19,9.95,25.5,16.84
16213,79,79,1,159.0,9.9,76.5,26.5
16214,270,171,3,1062.75,10.2,102.0,24.15
16215,81,81,1,242.35,9.95,25.2,17.31
16216,268,268,1,914.93,6.6,165.0,24.73
16217,283,236,2,259.39,11.7,65.4,20.28
16218,374,30,7,3054.87,10.2,116.0,36.72
16221,368,37,3,860.86,0.84,51.0,9.06
16222,319,319,1,773.55,0.42,23.6,6.34
16224,250,58,4,1295.3,3.75,40.8,13.49
16225,278,45,5,1096.32,0.29,44.55,8.18
16226,236,204,3,255.12,13.92,70.8,31.89
16227,226,226,1,308.32,11.4,166.8,52.37
16229,213,88,2,1010.6,6.3,75.0,21.5
16230,221,190,2,542.03,7.5,35.4,15.49
16232,216,44,4,983.23,4.56,75.0,26.78
16233,367,72,3,422.13,10.2,87.6,24.39
16235,333,41,5,858.41,9.95,43.0,18.85
16236,79,79,1,432.2,9.96,49.8,21.61
16239,190,57,2,372.9,10.4,51.0,21.8
16240,78,25,2,3693.81,6.64,290.0,27.55
16241,370,10,13,2590.31,0.29,34.0,3.95
16242,278,9,7,3574.91,0.39,47.2,12.26
16243,55,34,2,409.1,0.95,85.0,8.02
16244,373,212,2,1522.75,7.8,31.6,16.73
16245,257,24,3,1352.36,4.68,35.95,15.71
16247,171,171,1,114.56,0.42,19.9,7.16
16248,62,62,1,152.94,9.96,25.2,21.85
16249,240,53,5,1800.07,9.9,99.0,26.09
16250,374,262,2,389.44,5.04,27.0,16.23
16253,256,67,2,3665.62,6.3,106.2,29.95
16255,366,17,8,2609.3,0.19,40.32,9.7
16256,267,267,1,732.63,13.2,102.0,57.88
16257,177,177,1,46.95,21.95,25.0,23.48
16258,220,46,5,5203.51,9.96,403.2,38.54
16260,51,51,1,1035.45,15.0,204.0,57.53
16261,247,18,4,728.54,0.42,29.85,6.12
16265,365,10,9,5423.15,2.28,104.0,21.11
16266,207,74,7,861.89,0.42,50.0,14.13
16268,72,72,2,667.65,4.56,50.0,14.84
16270,354,354,1,1141.24,10.08,102.0,21.13
16271,359,3,5,1398.69,0.42,62.4,10.8
16272,117,117,1,411.7,0.55,25.0,16.47
16274,374,374,1,351.75,0.85,29.95,5.41
16275,197,197,1,559.87,5.04,40.8,16.97
16276,177,177,1,810.6,15.0,532.8,135.1
16278,101,101,1,537.83,6.64,220.0,24.63
16279,177,22,3,1489.88,0.95,45.0,14.18
16281,73,73,1,2062.06,16.5,270.0,121.3
16282,340,340,1,168.3,4.95,34.0,15.3
16283,209,6,5,1531.51,0.65,45.0,9.46
16284,51,32,2,812.68,0.42,39.6,7.89
16287,170,170,1,142.5,6.72,25.2,17.81
16292,122,122,1,280.9,6.64,30.0,17.78
16293,368,22,10,2236.74,5.04,50.4,19.06
16295,65,10,4,1328.55,4.68,39.8,16.82
16297,269,269,1,275.4,5.04,23.4,15.1
16298,187,23,3,598.2,12.6,95.4,22.16
16302,127,127,1,212.82,10.0,51.0,21.2
16303,334,26,3,5305.83,10.2,123.75,33.09
16305,139,139,1,361.22,6.96,20.8,16.42
16306,368,214,6,602.27,1.7,53.1,15.42
16308,262,38,4,2560.0,320.0,960.0,640.0
16309,241,107,2,686.67,5.04,89.25,16.82
16311,50,18,2,616.26,4.68,33.2,16.66
16313,50,4,2,274.15,11.7,23.4,17.13
16315,331,331,1,226.37,12.75,19.9,16.17
16316,359,65,8,2755.56,2.28,250.0,19.46
16317,298,120,3,1341.65,8.5,69.12,19.44
16318,36,36,1,328.15,10.2,39.6,17.27
16319,218,218,1,404.4,118.8,142.8,134.8
16322,37,2,2,326.75,1.7,24.96,8.83
16323,197,197,1,207.5,207.5,207.5,207.5
16324,178,129,3,408.59,0.39,17.5,3.68
16325,246,47,3,510.54,13.52,71.4,33.01
16326,335,6,14,3014.22,0.42,70.8,10.13
16327,370,15,6,3820.27,0.85,67.6,12.05
16330,113,18,3,242.21,0.24,112.5,6.46
16332,306,29,7,1572.8,0.12,55.6,10.48
16333,310,8,22,26626.8,152.64,2601.0,591.71
16337,37,37,1,151.05,10.2,20.0,15.1
16338,158,158,1,214.8,7.5,49.5,19.53
16339,285,285,1,94.05,1.25,7.95,5.22
16340,108,108,1,534.31,0.29,30.0,3.79
16341,202,25,4,1959.38,5.04,104.0,25.61
16342,180,76,4,322.41,9.96,41.6,21.49
16343,17,17,2,328.58,1.25,26.0,7.64
16344,159,159,1,101.1,35.7,65.4,50.55
16345,45,45,1,565.46,1.69,100.0,15.28
16347,37,12,2,847.45,0.29,69.3,9.97
16348,241,33,7,1415.65,0.39,50.0,6.38
16349,291,291,1,53.5,0.42,15.95,5.94
16350,334,22,4,1100.47,8.4,39.6,19.59
16351,333,333,1,153.9,16.5,25.5,19.24
16352,38,18,2,494.44,6.72,30.6,17.66
16353,370,4,23,6675.71,6.6,475.2,71.02
16354,74,64,2,395.8,2.49,35.4,10.15
16356,278,198,3,210.32,1.65,21.8,6.83
16357,214,34,3,658.88,9.9,39.6,19.38
16358,185,2,4,2024.95,5.04,70.8,18.6
16359,332,8,9,1460.37,2.1,228.96,26.53
16360,89,5,6,3349.57,0.39,35.7,5.43
16361,72,10,4,891.21,0.65,33.9,8.57
16362,92,33,5,627.29,0.83,49.92,9.22
16363,54,54,1,109.36,9.96,35.4,21.87
16364,138,12,2,705.79,1.25,39.8,13.57
16365,368,18,9,1540.42,0.85,393.7,30.2
16366,19,19,1,327.3,10.5,35.4,18.18
16367,363,38,2,800.67,0.29,20.8,6.3
16368,29,3,2,479.91,0.39,50.4,6.96
16369,197,19,3,1545.41,0.38,52.2,13.21
16370,226,83,4,1301.91,0.42,33.9,5.89
16372,34,34,2,355.73,0.42,19.9,3.87
16374,263,67,2,466.73,0.55,23.8,4.28
16376,18,9,2,965.47,0.39,107.1,7.99
16377,268,268,1,676.2,25.2,390.0,135.24
16378,311,248,3,362.95,7.8,53.1,15.78
16379,79,5,4,2131.9,7.8,62.4,19.98
16380,62,62,1,1743.15,1.25,750.0,56.23
16383,269,75,2,643.76,0.42,40.8,6.57
16384,264,90,2,584.5,10.2,45.9,17.71
16385,367,61,3,554.86,0.38,42.5,9.73
16386,254,29,2,302.57,0.12,17.7,3.74
16387,323,323,1,94.36,15.0,40.56,23.59
16389,284,54,4,1362.27,6.25,175.2,40.65
16392,270,270,1,217.89,0.55,22.1,5.07
16393,370,3,13,2935.8,0.55,74.7,9.3
16394,290,57,5,1412.06,4.68,100.8,18.74
16395,331,61,5,1482.06,0.39,40.8,7.19
16398,254,155,2,1631.15,5.8,72.0,20.8
16399,236,20,2,408.02,0.55,25.0,5.67
16400,95,95,1,303.93,1.45,34.68,10.48
16401,328,2,12,4061.24,0.65,148.5,22.03
16402,370,265,2,293.45,0.85,52.2,5.15
16403,313,313,1,161.05,10.4,23.4,17.75
16404,71,71,1,443.05,12.5,39.8,19.26
16405,311,303,2,167.25,0.65,92.4,33.45
16406,19,19,1,154.35,0.3,8.85,2.66
16407,313,13,10,2079.68,0.55,75.0,12.38
16409,318,37,5,2022.98,0.42,40.32,8.76
16411,370,20,2,211.7,0.83,20.85,4.81
16412,54,54,1,135.99,0.95,16.6,4.53
16413,57,57,1,262.2,0.85,33.2,8.46
16414,281,22,2,126.25,9.95,33.0,18.04
16415,45,45,1,200.27,0.39,30.0,4.26
16416,57,27,3,1026.99,0.78,119.4,14.81
16418,227,45,3,631.12,0.83,29.95,6.64
16419,312,113,6,945.96,0.83,79.6,19.17
16422,370,18,51,33805.69,7.8,408.0,94.0
16423,25,25,1,346.12,5.04,60.84,19.23
16424,192,192,1,82.56,15.9,40.56,26.71
16425,303,303,1,302.7,8.7,31.8,14.41
16426,277,3,10,1863.76,0.39,81.36,5.28
16427,285,264,2,241.06,0.84,53.1,26.78
16429,107,107,1,284.55,4.95,279.6,142.28
16430,58,58,1,300.85,20.85,100.8,50.14
16431,298,214,3,623.28,0.29,45.0,8.2
16432,65,65,1,287.4,15.0,144.0,35.92
16433,29,29,1,184.26,0.95,63.6,10.84
16434,300,30,7,1511.8,1.25,45.0,14.13
16438,83,6,5,798.35,0.38,26.1,6.05
16440,215,8,5,3640.67,0.84,102.0,12.91
16441,292,68,2,381.2,3.75,30.6,15.88
16442,361,2,3,609.3,0.12,30.0,3.56
16444,265,47,4,638.77,0.42,41.3,7.79
16445,34,34,1,230.51,0.55,12.5,3.66
16446,206,1,2,2.9,1.25,168469.6,56157.5
16447,136,136,1,255.91,1.45,31.2,7.53
16448,199,199,1,182.99,1.65,35.4,9.63
16449,281,198,2,674.69,3.75,34.8,17.69
16450,150,150,1,311.92,8.5,70.8,28.36
16451,88,88,1,266.97,6.72,49.8,19.07
16455,372,64,7,1841.18,1.9,34.68,18.6
16456,374,100,5,2158.18,0.19,104.0,19.62
16457,219,219,1,208.36,13.52,46.8,23.15
16458,361,3,18,3482.74,0.78,41.6,17.24
16460,82,29,3,811.23,0.39,47.7,6.15
16461,178,178,1,142.92,0.85,15.95,4.47
16462,284,74,3,102.0,34.0,68.0,45.33
16463,205,22,4,1383.7,4.56,45.0,17.35
16464,143,20,3,1298.66,0.39,27.84,5.65
16466,293,34,7,1595.96,1.1,86.1,10.93
16468,75,75,1,74.9,12.5,62.4,37.45
16469,247,24,4,625.42,0.14,15.95,3.66
16470,359,52,4,747.82,0.29,29.7,4.59
16471,275,275,1,223.95,10.2,25.2,17.23
16473,337,165,3,314.86,9.95,40.56,17.56
16474,146,8,7,1750.62,0.16,50.4,5.37
16475,274,89,4,544.3,7.8,85.0,19.44
16477,372,64,7,2494.46,6.96,35.4,17.09
16478,66,26,3,331.0,10.08,39.6,19.47
16479,11,11,2,300.83,0.95,24.9,8.6
16480,76,76,1,769.29,0.39,79.2,14.51
16482,16,16,1,220.62,4.56,18.72,12.26
16483,193,193,1,139.35,1.65,15.95,7.33
16484,191,174,2,379.4,10.2,25.5,16.17
16485,78,78,1,363.65,0.55,35.7,8.66
16488,149,34,3,492.2,2.88,60.0,17.2
16491,47,47,1,731.5,8.4,59.4,18.76
16493,330,80,4,1329.66,4.68,70.8,24.14
16494,297,297,1,826.53,1.32,40.8,16.53
16495,277,4,3,648.26,0.39,40.8,7.37
16496,317,9,3,1562.22,5.04,68.0,16.84
16497,334,50,6,2965.69,5.04,99.0,21.81
16498,163,162,2,86.12,0.95,29.7,6.73
16499,365,361,2,319.1,10.2,35.4,19.23
16500,331,5,6,400.86,10.2,165.0,36.44
16503,361,107,4,1421.43,6.8,33.9,17.05
16504,26,26,1,465.88,0.38,33.0,5.61
16505,32,32,1,777.6,119.52,358.56,194.4
16506,41,20,2,90.3,19.8,35.4,30.1
16509,297,297,1,363.7,16.95,76.5,27.98
16510,373,373,1,248.1,11.9,30.6,19.08
16511,267,22,3,918.33,0.85,46.8,5.78
16513,44,5,4,874.59,5.04,90.0,24.99
16515,312,53,5,1624.14,0.65,142.8,14.63
16516,31,31,1,101.7,15.0,19.8,16.95
16517,278,278,1,162.7,3.95,25.0,9.57
16518,285,62,2,480.92,2.5,60.0,12.11
16519,366,26,2,215.08,2.08,51.0,16.54
16520,366,187,3,1036.62,1.25,39.8,6.71
16523,316,2,21,9295.67,4.56,198.0,32.48
16525,367,3,26,11895.57,10.08,330.0,71.19
16526,172,172,1,290.36,6.8,71.4,19.36
16527,82,82,1,228.06,1.65,35.4,16.29
16528,4,4,1,244.41,7.8,25.5,14.38
16529,191,191,1,455.25,0.55,44.25,15.18
16531,361,23,7,1244.59,4.8,33.9,16.16
16532,339,18,3,6748.8,374.4,2232.0,1687.2
16533,69,20,3,1014.19,0.39,45.0,6.15
16535,6,6,1,593.75,5.04,63.75,19.15
16536,111,111,1,538.17,0.85,39.8,10.15
16539,374,3,4,1388.81,9.9,70.8,30.86
16542,54,54,1,119.62,11.5,53.1,23.92
16545,165,165,1,339.3,25.2,237.6,113.1
16549,335,11,10,4034.9,0.39,61.2,4.36
16550,369,109,5,2266.25,1.25,38.25,9.16
16551,337,96,3,922.12,4.68,92.16,28.82
16552,374,243,2,379.73,10.2,91.8,22.34
16553,361,164,12,5664.57,11.7,244.8,68.09
16554,332,43,3,641.55,0.85,39.6,16.1
16555,110,36,2,285.89,10.08,25.2,16.82
16556,361,67,7,3313.79,5.04,81.6,16.01
16557,138,25,2,281.85,12.5,46.8,25.62
16558,367,1,20,8257.04,1.58,252.0,18.13
16560,359,27,2,816.51,5.04,39.6,15.03
16561,60,6,2,511.12,9.96,24.75,16.49
16563,54,54,1,1077.74,5.04,232.0,56.72
16565,365,365,1,173.7,17.85,138.0,57.9
16566,293,16,5,614.01,7.8,108.16,34.15
16567,337,195,2,865.6,10.0,104.88,24.73
16569,4,4,1,124.2,10.5,47.7,24.84
16570,312,16,10,3622.95,4.68,121.68,29.67
16571,282,27,3,1285.22,2.88,40.8,16.34
16572,276,128,3,999.7,8.5,35.95,17.71
16573,291,85,2,648.41,5.04,35.4,15.8
16574,72,72,1,451.44,9.96,26.4,16.12
16581,183,183,1,70.44,4.56,19.8,11.76
16582,114,114,1,313.62,10.5,162.72,52.27
16583,374,374,1,233.45,14.85,20.4,16.68
16584,255,81,2,908.03,10.08,105.0,33.43
16586,249,249,1,463.95,12.75,102.0,57.99
16587,233,233,1,225.15,9.95,25.5,17.32
16589,162,72,3,459.24,6.96,19.92,13.92
16591,69,69,1,213.5,3.4,106.2,21.35
16592,288,5,16,4073.28,9.36,91.8,19.04
16593,328,51,3,330.03,0.85,69.6,12.22
16594,76,76,1,181.09,0.39,12.75,3.42
16595,62,62,1,360.16,0.39,30.0,4.24
16596,367,16,2,250.15,14.85,39.8,20.85
16597,5,5,1,90.04,4.68,25.28,12.86
16598,286,286,1,140.7,9.9,18.6,14.5
16600,339,5,6,813.52,2.88,30.0,13.12
16601,41,41,1,242.7,1.17,35.8,8.09
16602,37,37,1,494.73,10.2,78.96,18.21
16603,92,75,2,482.47,2.88,25.2,14.19
16607,359,18,14,3038.67,4.0,295.0,19.46
16609,253,16,7,5450.96,4.56,62.4,19.9
16610,220,220,1,75.66,9.96,17.7,12.61
16611,187,187,1,120.99,5.04,22.5,12.95
16612,312,33,4,1187.66,9.96,51.0,17.99
16613,71,71,1,618.59,10.2,35.4,20.62
16614,183,183,1,506.19,12.75,67.5,19.47
16616,158,16,2,500.42,5.04,79.9,15.16
16617,236,236,1,151.85,10.4,60.0,30.37
16618,323,32,5,2630.64,6.96,157.92,27.58
16619,264,264,1,204.41,10.08,25.5,16.16
16620,261,4,2,178.96,6.96,34.0,19.88
16621,278,52,4,813.48,9.96,127.5,28.05
16623,246,246,1,129.45,8.85,65.4,25.89
16624,198,81,2,810.57,0.55,74.0,16.89
16625,275,275,1,333.08,5.04,19.8,14.48
16626,267,1,17,4379.65,1.65,158.4,24.65
16627,80,80,1,322.8,6.64,30.0,16.14
16628,235,30,5,2183.04,8.5,102.0,18.7
16629,97,74,2,408.63,0.55,35.7,6.81
16633,235,18,6,2878.15,5.04,60.0,18.97
16634,373,223,2,217.9,13.0,53.1,24.21
16637,226,33,4,1124.59,6.64,71.9,16.73
16638,369,23,10,1676.47,3.51,119.9,17.88
16639,236,32,3,1169.38,9.96,102.0,25.15
16641,106,106,1,231.1,9.96,30.24,19.26
16642,208,5,2,679.83,6.84,47.7,20.24
16643,246,246,1,487.51,6.96,40.8,18.06
16644,213,178,2,833.78,6.8,20.4,13.45
16647,205,170,2,214.06,4.68,39.84,15.29
16648,43,43,1,270.86,5.04,23.4,15.3
16650,72,72,1,518.42,5.04,70.8,21.6
16652,274,59,7,6654.26,4.32,175.2,57.41
16653,72,17,2,1166.92,9.95,59.4,17.57
16654,369,142,4,594.97,4.56,40.8,20.73
16655,332,18,6,3789.52,0.29,204.0,14.69
16656,365,23,15,8568.24,10.08,504.0,118.16
16657,255,10,4,874.43,0.21,40.8,4.55
16658,369,369,1,123.24,0.85,69.3,15.4
16659,190,190,1,39.12,18.72,20.4,19.56
16660,320,17,4,810.45,17.0,457.2,79.23
16665,363,363,1,135.4,4.95,52.2,15.04
16666,20,20,1,118.98,0.39,10.5,3.72
16667,285,69,2,567.18,1.95,35.7,10.91
16668,285,16,6,306.72,9.96,39.0,15.34
16669,79,24,3,1344.88,0.39,38.25,8.65
16670,359,17,11,4022.46,3.36,43.8,16.25
16671,165,29,3,1692.27,75.0,816.0,282.04
16672,267,3,20,8093.59,9.9,226.8,71.36
16674,99,55,2,304.24,0.39,15.0,3.27
16676,338,34,4,1558.72,5.04,79.9,17.89
16678,283,3,12,3013.83,0.39,89.1,19.08
16679,367,367,1,129.75,12.75,102.0,43.25
16680,44,44,1,183.7,15.0,23.4,18.37
16681,254,73,6,1770.34,10.08,117.0,40.24
16682,188,5,5,1028.0,6.96,101.4,34.27
16684,359,5,28,65892.08,25.44,1494.0,240.63
16685,62,62,2,324.24,0.39,24.75,5.23
16686,356,48,7,2940.53,0.21,39.95,5.44
16688,61,2,4,1260.86,5.04,51.0,20.34
16689,83,76,2,303.26,9.12,76.2,32.51
16690,202,73,2,208.63,5.04,52.2,18.8
16692,290,257,2,1276.0,8.5,1117.5,425.33
16693,272,69,2,477.86,0.39,25.0,8.1
16696,249,136,4,657.9,17.7,195.6,65.79
16697,242,242,1,112.75,0.95,12.75,5.37
16698,254,227,2,1998.0,204.0,816.0,399.6
16700,367,9,13,5040.0,5.04,44.55,16.48
16701,362,9,13,5150.27,0.48,163.2,37.49
16705,359,1,20,13946.13,9.3,244.8,51.98
16706,115,38,3,531.35,0.24,29.75,4.32
16708,46,46,1,656.63,10.2,90.0,24.32
16709,282,85,5,3029.87,13.44,153.0,38.35
16710,369,20,10,2467.99,0.42,51.0,6.26
16711,358,4,5,1651.03,15.12,297.0,75.05
16712,277,10,11,3611.31,0.29,249.6,8.24
16713,367,19,15,6827.88,0.55,105.6,11.16
16714,318,219,3,879.06,0.85,250.0,12.98
16715,79,79,1,301.72,3.8,81.6,15.88
16716,312,267,2,319.8,166.8,734.4,450.6
16717,367,24,6,3263.06,5.04,83.4,19.41
16718,370,370,1,606.05,0.42,51.0,13.77
16719,369,15,7,1753.72,0.42,35.8,9.03
16720,27,27,1,152.95,0.21,16.4,6.12
16721,263,263,1,292.47,2.5,30.0,7.9
16722,369,18,13,4711.21,4.56,162.72,21.03
16723,108,92,2,576.4,0.78,165.0,13.72
16725,372,303,7,752.32,0.21,30.0,5.23
16726,362,27,5,1358.74,0.29,41.25,7.63
16727,365,365,1,256.32,0.55,17.7,5.83
16728,265,47,4,1048.28,0.39,53.7,3.99
16729,242,39,21,7041.69,0.38,67.6,10.98
16730,320,53,3,702.79,0.29,30.6,9.06
16732,32,32,1,603.75,5.04,64.2,21.56
16734,115,53,3,646.76,0.85,50.0,12.44
16735,335,79,5,2216.06,1.95,60.0,19.37
16737,54,54,1,417.6,417.6,417.6,417.6
16738,298,298,1,3.75,3.75,3.75,3.75
16739,177,177,1,312.55,15.0,52.0,24.85
16743,359,30,7,2166.88,0.55,49.92,11.65
16744,174,12,7,1291.91,0.39,49.75,5.47
16745,312,87,17,7157.1,0.65,136.0,20.23
16746,359,5,18,6676.76,1.25,126.0,15.05
16747,68,38,2,826.96,9.95,54.08,19.91
16748,335,18,5,1515.9,8.5,41.6,21.97
16750,233,45,5,623.93,0.42,62.5,6.57
16751,31,31,1,1764.72,5.04,918.0,70.59
16752,373,373,1,207.5,10.2,79.95,23.06
16753,59,59,1,223.92,0.55,41.6,6.59
16754,373,373,1,2002.4,518.4,1484.0,1001.2
16755,316,115,3,1463.23,0.76,40.8,8.94
16756,215,215,1,239.4,10.08,29.7,18.42
16757,319,319,1,106.83,5.04,35.4,15.26
16758,66,66,1,369.34,2.55,69.3,16.79
16759,31,8,3,772.84,8.2,49.8,18.8
16761,97,97,1,316.62,10.2,60.0,24.36
16762,145,20,3,1207.24,8.25,79.9,19.16
16763,199,199,1,594.9,11.7,89.7,26.6
16764,144,4,13,2749.95,0.29,33.15,3.99
16765,295,295,1,34.0,34.0,34.0,34.0
16766,274,274,2,1145.6,15.0,47.7,33.69
16767,317,31,11,5575.56,1.65,204.0,25.23
16768,272,48,3,458.04,0.65,60.0,8.85
16769,261,261,1,361.54,1.25,29.85,9.51
16770,373,58,5,731.9,0.39,39.95,5.41
16771,339,34,5,2242.61,0.79,38.25,8.83
16773,58,58,1,171.59,1.25,23.4,6.6
16774,179,68,4,654.92,0.42,69.3,13.78
16775,368,11,11,1691.51,0.38,65.7,10.77
16776,61,61,1,371.54,0.19,45.0,5.23
16777,258,81,2,222.62,0.42,17.7,4.64
16778,275,75,2,245.94,7.44,25.2,15.37
16779,367,3,22,10436.05,0.42,234.0,32.06
16780,260,101,2,422.24,0.78,30.0,7.16
16781,373,373,1,294.65,10.2,31.8,18.31
16782,366,11,13,2230.3,0.85,102.0,12.39
16784,20,20,1,107.6,30.0,47.6,35.87
16788,255,124,2,594.39,0.29,29.5,4.02
16789,9,9,1,80.8,11.7,19.8,16.16
16790,38,4,6,1520.12,2.95,35.4,16.62
16791,333,30,7,1690.28,0.55,38.25,5.43
16792,283,283,2,110.38,2.1,27.65,9.2
16793,58,58,1,243.84,6.64,25.5,15.24
16794,181,2,10,1175.3,0.29,21.0,4.3
16795,366,366,1,414.88,0.85,29.75,6.29
16796,90,90,1,305.62,6.64,49.5,16.98
16800,12,12,1,1162.65,0.39,31.8,7.45
16801,274,164,4,842.33,4.95,74.85,21.26
16803,66,66,1,332.3,6.64,23.4,13.85
16804,271,24,3,536.99,0.65,50.0,8.95
16805,361,174,2,460.59,0.95,29.7,4.7
16806,240,104,4,762.16,0.39,39.6,8.2
16807,271,143,3,1121.59,8.5,33.0,16.74
16808,275,100,2,288.42,2.55,61.2,12.54
16809,263,24,5,912.74,0.84,20.8,6.14
16810,193,193,1,275.64,8.5,59.4,20.64
16811,18,5,2,547.07,6.96,35.4,19.54
16812,361,361,1,479.35,10.2,119.6,31.96
16813,205,9,10,1652.18,0.29,60.48,3.88
16814,370,15,21,6408.2,0.55,135.0,20.12
16816,359,104,4,417.06,4.56,23.4,14.9
16817,369,3,9,1446.95,4.2,79.9,18.66
16818,206,11,11,3317.97,2.28,59.9,17.82
16820,96,96,1,497.61,5.04,35.4,19.14
16823,228,228,1,358.38,0.95,39.8,9.43
16824,165,16,2,460.64,9.96,45.0,17.72
16825,186,39,2,775.18,10.08,93.6,27.68
16826,52,52,1,341.7,8.2,24.9,15.53
16828,113,94,2,128.5,12.6,25.2,16.06
16829,157,157,1,197.22,7.8,30.6,17.93
16830,39,39,1,325.91,9.9,22.5,14.17
16832,218,185,3,199.15,4.95,62.5,16.6
16833,335,2,4,1106.53,10.08,81.36,23.54
16834,228,228,1,413.46,10.08,30.0,17.23
16835,374,129,2,180.85,12.6,22.5,18.08
16836,117,40,2,251.87,13.28,76.32,22.9
16837,246,32,11,3167.73,4.56,175.2,19.22
16838,289,198,2,582.9,9.96,165.0,23.55
16839,370,9,34,15357.78,5.04,297.0,62.38
16841,288,37,6,1774.62,2.88,95.2,16.12
16842,303,101,3,1260.44,8.5,66.0,20.07
16843,328,43,16,10183.82,2.88,142.8,26.98
16846,51,51,1,214.32,10.5,30.0,19.48
16847,44,44,1,193.44,10.2,25.5,16.12
16848,53,53,1,281.42,10.2,46.8,20.1
16849,187,187,1,124.57,12.5,19.9,15.57
16850,334,334,1,332.41,10.08,31.6,17.5
16851,52,5,3,342.45,6.96,39.6,17.12
16852,177,11,2,144.91,4.56,39.95,16.1
16855,44,24,2,328.4,9.95,30.0,17.28
16856,15,15,1,35.4,17.7,17.7,17.7
16858,369,369,1,345.89,13.5,83.4,37.57
16859,262,145,2,473.14,6.3,49.95,14.38
16861,159,60,2,151.65,20.16,40.8,28.96
16863,367,32,2,481.35,7.44,50.0,19.34
16866,162,141,3,207.74,0.85,45.0,18.89
16869,176,23,4,797.32,0.42,40.8,6.43
16871,271,23,6,2761.49,2.52,70.8,20.53
16872,185,78,3,680.02,12.75,169.6,97.15
16873,365,5,6,7066.31,5.04,350.0,25.53
16875,340,68,5,2023.47,6.96,39.8,18.71
16877,209,13,6,846.62,0.39,25.0,5.43
16880,190,31,7,1491.43,0.65,57.75,8.57
16881,67,67,1,432.0,432.0,432.0,432.0
16882,318,67,3,705.12,1.45,119.4,18.08
16883,372,188,2,272.48,1.25,25.0,7.36
16884,38,38,2,429.84,0.95,30.0,16.53
16885,358,16,3,450.41,0.29,23.8,4.69
16887,36,36,1,192.33,0.21,25.5,5.34
16889,337,195,3,1578.67,0.95,51.0,11.69
16891,372,2,5,742.43,0.24,17.0,3.99
16892,184,2,5,489.49,0.21,25.0,5.34
16893,367,367,1,145.93,0.65,12.6,3.24
16895,65,65,1,202.27,0.42,15.0,3.26
16897,314,300,2,213.03,1.25,25.5,7.83
16898,369,27,3,436.68,0.18,30.0,3.19
16899,361,8,6,1271.06,0.55,49.5,10.33
16900,64,17,3,187.69,3.75,46.8,11.23
16902,117,117,1,1706.88,2.34,224.25,38.79
16903,30,30,1,363.2,0.38,20.8,6.49
16904,368,5,16,3653.75,0.39,91.8,5.49
16905,372,6,7,3020.65,0.79,122.4,15.26
16906,249,82,4,559.59,0.39,101.76,6.51
16907,366,30,5,928.76,0.42,78.96,6.63
16909,73,73,1,364.14,9.36,77.76,21.06
16910,92,5,8,1508.96,0.21,19.9,2.77
16912,324,29,11,2508.87,10.08,76.5,25.56
16913,291,291,1,113.44,0.84,60.0,14.18
16914,37,37,1,183.76,0.39,50.0,6.13
16915,284,10,6,621.68,0.39,149.85,10.91
16916,373,24,2,562.41,0.39,19.8,4.14
16917,277,277,1,391.52,15.6,122.4,43.5
16918,318,50,6,1043.34,0.78,37.5,8.35
16919,369,157,11,2592.25,0.42,67.5,7.95
16921,62,62,1,154.18,0.29,12.6,2.8
16923,363,13,19,6488.3,0.12,150.0,11.29
16924,85,22,3,722.64,0.65,49.5,10.25
16926,372,372,1,230.25,4.95,34.0,16.45
16927,362,116,3,543.05,16.25,201.6,90.51
16928,374,81,17,2748.6,0.84,75.0,13.8
16929,156,4,7,1295.39,6.72,39.6,16.82
16930,69,27,3,378.89,0.78,51.0,7.15
16931,370,6,21,4554.87,0.12,26.55,5.14
16932,54,54,1,150.23,0.42,11.4,3.13
16933,240,2,2,530.08,0.36,56.25,12.8
16934,55,55,2,931.03,3.75,35.4,15.26
16936,26,26,1,261.9,0.42,20.8,4.68
16938,309,9,4,1878.43,1.1,833.25,11.54
16940,290,53,3,3049.88,0.42,49.5,10.0
16942,228,13,9,1878.51,0.29,47.7,6.88
16943,319,212,3,816.73,11.9,75.0,24.75
16945,359,22,19,4345.5,2.9,62.4,17.45
16947,236,236,1,406.48,15.0,31.2,19.36
16948,326,139,3,435.02,6.8,50.4,22.9
16949,317,4,6,1161.27,2.28,250.0,21.44
16950,368,57,3,1178.56,0.83,163.2,28.06
16951,305,135,3,1262.75,5.04,47.85,14.86
16952,110,110,2,167.61,1.25,37.44,10.48
16953,31,31,1,20.8,20.8,20.8,20.8
16954,360,1,9,2085.08,10.08,141.6,38.61
16955,374,185,4,493.67,10.4,50.85,20.75
16956,18,18,1,292.34,5.04,59.8,19.3
16957,282,240,2,416.64,5.04,79.2,26.04
16959,88,88,1,117.35,8.5,30.0,16.76
16960,253,39,3,507.05,0.84,31.2,5.02
16961,117,117,1,234.17,10.2,23.12,16.73
16963,188,188,1,110.55,12.6,17.7,15.79
16965,227,227,1,201.19,0.39,31.32,7.74
16966,241,9,7,2148.47,3.25,312.0,76.96
16967,190,190,1,319.02,10.2,34.8,15.19
16968,108,5,2,439.43,4.56,24.75,14.18
16969,192,40,3,650.41,6.96,47.7,15.49
16971,39,39,1,232.21,0.58,125.0,8.71
16976,268,268,1,251.52,76.32,175.2,125.76
16978,78,78,1,344.33,1.56,17.0,8.83
16979,298,4,6,1809.05,0.58,175.2,20.81
16980,292,256,2,1028.46,0.95,233.2,12.7
16982,61,61,1,384.06,6.64,25.2,17.46
16983,370,13,7,1894.82,0.36,59.4,13.33
16984,131,89,2,4370.59,0.42,111.0,11.15
16985,359,18,10,5461.62,9.9,244.8,45.53
16986,31,30,2,1873.2,20.8,1790.0,624.4
16987,206,4,7,1616.8,1.25,187.0,12.63
16988,6,6,1,126.12,10.2,33.0,18.02
16989,151,8,6,1133.25,33.0,178.2,94.44
16990,219,219,1,179.0,179.0,179.0,179.0
16992,285,11,5,1601.86,6.64,39.6,17.36
16996,354,31,6,1427.46,15.0,102.0,39.38
16997,326,289,3,702.0,19.5,97.5,58.5
16998,305,150,4,287.02,7.5,189.6,73.75
16999,75,24,2,484.82,5.04,179.0,21.08
17001,359,1,11,3989.57,7.56,58.5,23.61
17002,291,86,3,1487.78,7.95,85.0,30.48
17004,93,47,2,1312.14,0.39,268.2,30.51
17006,76,5,4,781.78,2.5,68.0,17.77
17007,358,51,6,877.43,5.04,74.25,17.11
17010,19,19,1,185.46,10.08,39.6,17.76
17011,31,31,1,270.9,10.2,30.0,18.06
17014,67,9,3,562.68,0.42,59.0,8.1
17015,186,29,3,1838.61,0.42,35.4,8.59
17017,373,3,20,8574.11,6.96,162.72,34.5
17018,326,41,2,920.1,9.9,75.0,57.51
17019,369,12,4,1258.08,0.29,42.0,5.52
17022,32,32,1,71.0,6.64,20.8,10.14
17024,158,46,3,95.85,25.0,39.6,31.95
17025,374,61,3,357.77,10.4,90.0,39.75
17026,370,186,2,154.83,10.2,121.68,38.71
17027,318,79,6,835.86,0.55,39.48,5.93
17029,237,111,2,716.0,358.0,358.0,358.0
17030,64,64,1,146.87,2.9,30.0,13.35
17031,155,12,2,380.35,8.5,62.4,17.29
17033,360,87,3,1030.14,5.04,254.4,36.79
17034,288,17,3,734.57,5.04,75.0,24.85
17035,312,246,2,388.33,6.8,39.6,15.48
17037,88,88,1,1253.22,6.64,30.6,16.9
17038,31,31,1,112.4,2.1,11.9,5.11
17040,138,138,1,449.73,9.9,175.2,29.98
17041,361,27,3,1055.69,3.78,35.4,15.53
17042,248,3,5,1036.58,0.85,40.56,10.69
17043,267,33,4,1735.18,0.65,175.2,17.01
17044,26,26,1,897.43,76.32,208.8,158.08
17045,248,114,3,339.44,0.55,51.0,15.43
17046,158,158,1,642.02,8.5,101.76,29.18
17047,206,86,3,1100.9,6.96,31.8,16.94
17048,332,118,3,864.32,5.04,62.4,21.52
17049,276,3,9,5589.83,3.48,250.0,17.84
17050,300,97,6,3185.64,0.55,50.0,10.34
17051,195,195,1,240.89,0.76,29.25,5.74
17052,29,29,1,399.09,0.29,45.0,4.81
17053,131,131,1,496.38,12.6,65.7,38.34
17054,246,29,5,1353.83,5.04,65.4,16.34
17058,240,82,3,1179.89,10.4,41.7,19.03
17059,370,30,5,3080.39,0.42,45.36,5.99
17060,267,267,1,234.24,15.0,152.64,46.85
17061,233,74,11,5116.13,1.95,415.0,52.85
17062,370,314,4,529.43,1.25,25.5,7.73
17063,290,22,7,1421.59,6.96,45.0,18.73
17064,328,59,3,855.45,2.95,76.5,14.02
17068,369,13,21,4531.34,2.08,85.0,15.38
17069,374,29,9,2655.22,0.85,63.75,18.95
17070,115,115,1,304.24,0.85,23.8,4.91
17071,310,29,9,2385.48,1.9,59.4,17.35
17073,110,18,4,1446.09,0.42,34.65,8.31
17075,318,18,4,813.77,0.42,59.5,10.83
17076,365,37,3,841.08,9.9,76.32,33.64
17078,37,37,2,378.2,0.57,61.2,13.51
17079,79,79,1,118.8,59.4,59.4,59.4
17080,270,23,2,285.5,15.0,76.32,35.95
17081,47,26,2,288.91,0.42,17.0,4.59
17082,319,34,2,2003.85,2.89,250.0,24.74
17083,304,110,3,1405.78,6.8,99.6,27.03
17084,36,36,2,2747.99,1.25,87.0,18.44
17085,363,124,5,1550.8,0.85,50.0,8.4
17086,64,8,6,2050.08,4.68,208.8,21.36
17088,254,29,4,1991.01,6.6,39.8,17.31
17090,355,5,7,1972.55,1.14,162.72,32.37
17091,368,3,9,3802.81,6.8,69.6,19.63
17092,278,51,4,1774.03,0.39,50.0,14.31
17094,323,323,1,270.2,8.5,59.4,21.57
17095,335,23,3,1088.2,3.36,70.8,17.89
17096,262,16,4,992.68,10.2,59.7,21.29
17100,19,19,2,971.74,5.04,25.2,14.95
17101,179,11,4,1621.73,5.04,179.0,38.61
17102,262,262,1,25.5,25.5,25.5,25.5
17105,307,160,2,665.78,1.0,16.5,7.4
17107,279,34,6,10362.48,0.42,222.0,25.96
17109,233,30,6,865.93,0.39,40.56,7.6
17110,166,166,1,163.3,3.3,25.5,13.61
17111,48,48,1,231.61,0.83,18.72,7.99
17114,335,6,8,739.72,0.39,25.0,6.51
17115,234,9,3,806.9,10.2,97.8,21.47
17117,289,289,1,116.2,6.6,19.8,12.91
17118,318,318,1,157.02,6.96,30.6,15.7
17119,60,4,2,593.61,8.5,30.6,17.34
17120,234,234,1,307.46,9.96,25.5,17.08
17122,120,120,1,138.32,13.52,30.0,19.76
17123,162,162,1,345.3,25.2,81.6,38.37
17124,186,186,1,294.24,0.39,29.75,9.49
17125,51,51,1,230.5,0.55,35.4,6.59
17126,363,153,5,976.55,0.39,27.04,3.99
17128,335,335,1,157.09,3.95,30.0,11.22
17131,76,6,5,2463.17,0.39,81.6,18.38
17133,267,16,7,4892.24,6.6,816.0,181.19
17134,265,107,2,413.2,7.5,31.8,17.97
17135,372,17,7,1139.73,4.56,85.0,21.92
17138,276,276,1,380.5,9.95,25.5,15.85
17139,289,16,12,10567.87,6.8,165.0,22.33
17140,248,248,1,454.12,0.95,180.0,25.23
17142,240,240,1,579.0,16.5,195.0,38.6
17144,85,2,2,984.57,5.04,99.0,20.51
17146,359,106,3,749.78,6.6,170.0,21.42
17147,312,23,4,1679.64,5.04,102.0,21.17
17148,52,52,1,124.88,8.5,19.8,13.88
17152,264,195,3,1503.5,2.1,558.0,120.68
17153,25,25,1,213.78,8.5,20.8,15.27
17154,76,76,1,329.34,4.56,25.5,14.32
17155,178,18,2,251.7,1.26,69.6,12.58
17157,177,8,2,306.55,6.96,81.36,24.54
17158,361,33,3,1266.97,5.04,45.0,18.91
17159,172,22,3,1534.73,2.88,41.6,15.24
17160,242,32,6,3518.03,5.04,33.0,15.36
17162,306,29,10,1707.21,5.04,30.6,16.49
17163,79,22,2,293.1,29.7,102.0,58.62
17164,274,33,7,2466.4,5.04,35.7,17.13
17165,285,285,1,158.68,10.08,19.9,15.87
17166,204,39,2,189.49,6.8,56.25,17.2
17169,184,58,2,816.88,5.04,30.0,15.48
17171,290,290,1,224.91,5.04,39.6,14.06
17172,79,79,1,313.26,9.36,46.8,21.18
17173,132,6,8,3755.65,12.6,142.8,43.8
17174,218,218,1,59.9,10.4,19.5,14.98
17175,297,45,4,1430.94,10.08,95.2,22.92
17176,202,202,1,306.13,10.08,81.6,20.41
17179,362,179,3,711.79,0.42,41.5,8.9
17180,317,57,4,768.32,0.55,30.0,6.27
17181,374,58,2,239.92,1.25,79.2,10.43
17183,106,8,6,3286.91,5.04,180.0,45.85
17186,61,47,2,144.0,72.0,72.0,72.0
17187,227,227,1,203.95,9.75,49.8,20.4
17188,363,12,7,2275.58,5.04,175.2,29.46
17189,360,107,2,383.75,0.29,31.8,6.4
17190,208,59,2,249.74,0.85,195.0,23.41
17191,369,29,7,2093.68,0.85,60.0,8.87
17193,177,36,7,1674.46,6.64,140.4,53.1
17194,361,274,2,262.62,0.42,87.0,9.06
17197,30,30,1,1013.01,13.9,119.4,34.93
17198,372,24,3,692.22,0.21,51.0,7.21
17201,54,54,1,289.78,0.39,52.2,7.63
17203,61,36,6,3560.08,0.42,214.56,24.05
17204,264,176,4,1352.91,12.75,106.2,27.45
17205,54,54,1,384.08,10.0,72.0,29.54
17206,54,54,1,204.24,15.0,45.0,29.18
17211,370,27,8,2299.67,1.25,50.0,10.98
17212,254,254,1,226.85,3.95,117.3,56.71
17213,367,41,7,2741.08,6.6,39.95,17.71
17214,360,61,6,974.12,0.42,85.0,10.49
17217,235,235,1,113.5,0.95,65.45,12.61
17218,369,5,10,1951.97,0.42,42.5,7.2
17219,32,32,1,114.23,0.85,15.0,4.57
17220,365,25,14,3187.55,0.55,33.9,6.83
17221,37,8,2,334.48,0.21,76.32,5.39
17222,66,66,1,328.65,2.08,55.65,12.17
17223,369,311,2,416.89,0.84,76.5,8.69
17226,309,309,1,393.49,1.95,102.0,18.74
17227,369,19,6,939.32,0.39,201.6,19.99
17228,373,16,8,1906.09,1.65,49.92,9.16
17229,143,97,2,318.76,1.1,23.7,6.78
17230,360,265,8,3466.67,0.95,175.2,52.73
17231,362,13,10,3078.22,0.29,30.0,5.88
17232,15,3,2,417.77,2.08,35.7,11.94
17233,36,36,1,190.88,1.25,26.56,7.64
17234,183,183,1,149.89,3.75,35.85,10.71
17235,373,26,2,550.06,0.78,69.36,18.97
17236,363,13,6,916.13,0.42,47.6,8.73
17237,23,12,2,314.69,1.45,90.0,16.56
17238,372,3,17,3719.1,0.39,41.25,6.7
17239,313,313,1,379.95,6.6,70.8,25.5
17242,181,109,2,1135.04,5.04,60.0,28.38
17243,370,2,26,8491.75,0.85,408.0,22.07
17244,54,54,1,954.9,1.9,157.92,30.8
17245,205,205,1,171.45,10.2,35.7,19.05
17247,16,16,1,280.09,0.39,25.0,5.19
17248,121,121,1,318.65,0.29,44.55,4.62
17250,262,4,2,381.97,0.39,45.0,6.82
17251,363,363,1,269.83,1.7,18.75,7.29
17252,187,117,2,348.91,0.38,15.0,4.06
17253,19,19,1,178.26,0.95,17.85,9.9
17254,16,5,2,271.19,0.21,23.4,2.44
17255,300,41,2,291.48,0.42,25.44,3.94
17256,313,108,2,240.0,1.65,89.7,15.0
17259,369,149,2,581.23,0.42,31.6,5.01
17262,367,53,5,1253.36,1.65,415.0,104.45
17263,209,209,1,63.44,0.42,6.75,2.76
17265,181,139,2,550.01,0.38,21.75,4.51
17266,148,3,3,296.58,0.29,19.9,4.06
17267,128,128,2,317.2,0.42,67.5,8.57
17268,246,108,4,763.64,15.0,299.52,127.27
17272,263,43,4,2144.53,5.04,141.6,18.85
17274,36,36,1,107.82,0.42,26.56,4.31
17277,323,228,2,1065.35,1.25,89.1,15.44
17278,242,242,1,246.04,5.04,39.95,16.4
17279,58,58,1,187.83,1.65,76.5,20.87
17282,300,131,3,1685.46,0.55,381.6,18.94
17284,337,61,6,1636.58,0.63,48.75,5.66
17286,22,22,1,151.37,0.21,17.0,3.44
17287,373,27,7,1049.06,0.39,60.0,8.6
17288,359,10,7,1417.63,0.19,60.0,10.13
17289,181,32,3,922.77,0.42,90.0,8.95
17290,17,4,2,513.01,0.39,30.0,5.34
17291,309,309,1,550.8,550.8,550.8,550.8
17293,362,9,9,1854.06,0.62,75.0,14.05
17295,65,29,3,547.0,1.45,30.0,8.04
17297,18,18,1,128.18,0.19,9.95,2.62
17298,125,102,2,498.42,0.84,83.2,16.61
17299,174,12,4,656.61,0.85,67.6,11.94
17301,22,22,1,163.24,0.29,13.52,2.77
17302,306,15,5,1119.93,0.39,90.0,14.38
17303,362,362,1,250.04,0.42,20.28,4.72
17306,354,11,19,8600.73,19.92,324.0,130.78
17309,96,96,1,82.75,1.3,12.6,6.9
17311,317,79,2,1384.85,5.04,144.0,25.18
17312,160,139,3,644.3,0.85,244.8,46.02
17313,32,32,1,2288.13,10.5,224.64,97.04
17314,313,25,8,2514.76,5.04,76.2,19.3
17315,358,2,38,6193.43,0.12,175.2,13.34
17317,90,47,3,2524.02,38.16,622.5,288.93
17320,369,101,3,1200.62,1.68,66.6,16.45
17321,68,9,2,657.16,0.85,41.25,6.64
17323,293,16,7,894.44,0.55,20.8,4.65
17324,367,18,4,986.48,0.95,139.2,20.13
17325,281,281,1,96.8,11.7,19.8,16.13
17329,316,15,2,523.11,1.25,68.58,15.85
17330,68,23,2,363.9,44.7,99.0,60.65
17331,124,124,1,175.2,175.2,175.2,175.2
17333,86,86,1,494.25,5.04,39.6,17.65
17334,309,303,2,306.6,5.04,70.2,27.91
17337,311,152,4,1897.51,0.21,38.35,3.8
17338,362,18,8,6461.79,0.21,51.0,9.01
17339,366,95,2,243.36,13.92,82.8,27.04
17340,367,30,11,11891.18,1.25,276.0,30.35
17341,367,157,3,682.29,0.29,51.0,4.35
17343,356,356,1,193.64,1.25,35.7,11.39
17344,47,47,1,157.62,0.42,25.0,5.08
17345,197,16,4,519.69,0.42,40.8,6.26
17346,374,4,15,2557.9,0.12,45.76,5.43
17347,87,87,1,228.96,228.96,228.96,228.96
17348,298,15,5,1156.6,0.21,39.6,5.43
17349,180,180,1,98.25,1.25,42.5,12.28
17350,52,9,4,1251.44,1.25,122.04,18.3
17351,274,37,3,587.15,0.95,135.0,21.75
17353,155,130,2,1740.0,217.5,217.5,217.5
17354,51,51,1,1393.06,6.64,222.0,87.07
17356,312,312,1,178.22,1.9,29.7,9.38
17357,25,25,2,384.39,0.39,75.46,8.74
17358,356,304,2,360.81,0.85,17.7,6.22
17359,12,12,1,127.86,0.42,25.5,8.52
17360,185,18,3,568.24,0.39,24.75,4.55
17361,292,50,3,488.2,0.42,45.0,16.83
17362,310,240,2,312.23,1.26,35.95,8.92
17364,332,1,11,4437.23,0.21,69.36,10.99
17365,333,13,8,4767.36,0.39,71.4,10.25
17367,239,239,1,167.55,0.85,17.4,5.08
17368,338,24,8,1315.72,0.78,297.0,17.56
17370,170,73,4,446.18,2.88,24.96,13.52
17371,362,18,3,418.4,0.39,47.7,4.87
17372,363,41,8,1337.18,0.84,35.4,5.33
17373,313,41,4,646.92,0.95,39.0,11.35
17374,282,219,2,495.77,13.52,35.7,17.71
17375,362,200,3,372.5,0.55,21.25,5.8
17376,312,71,2,203.2,1.25,23.4,8.47
17377,374,24,20,3883.32,0.55,153.0,10.05
17379,12,12,1,389.72,0.42,23.1,5.0
17381,373,9,29,20272.43,12.6,1326.0,186.01
17382,66,66,1,65.4,15.0,50.4,32.7
17383,5,5,1,193.39,0.42,21.8,3.95
17384,220,20,2,336.4,4.16,214.2,22.43
17385,15,15,1,256.11,0.83,25.0,5.69
17386,166,8,6,2686.42,1.9,851.76,95.94
17387,34,20,2,746.81,1.26,50.0,9.83
17388,288,78,4,1259.56,1.25,381.6,83.97
17389,332,1,34,31300.08,3.84,1051.2,149.45
17391,165,164,2,508.8,101.76,203.52,169.6
17392,359,307,2,417.27,0.29,33.6,7.45
17394,220,220,1,203.87,8.7,155.52,50.97
17396,372,40,8,7330.8,18.0,1226.4,271.51
17397,23,23,2,681.41,0.42,49.5,7.66
17398,256,115,3,653.38,6.64,43.8,17.19
17400,354,127,5,2097.84,0.39,60.0,10.18
17402,370,5,13,2633.85,0.42,271.2,44.64
17403,37,37,1,263.92,0.79,35.4,8.25
17405,151,2,3,967.22,2.34,53.1,12.58
17406,367,334,3,1912.72,0.19,295.0,19.68
17408,164,164,1,32.65,12.75,19.9,16.32
17409,249,185,2,771.85,15.9,119.6,59.37
17410,216,17,5,1214.72,4.56,72.0,18.98
17411,262,13,3,748.94,6.72,50.0,19.0
17412,373,3,7,1258.06,6.84,54.0,19.06
17414,185,44,2,778.0,6.4,390.0,129.67
17415,80,80,1,507.84,6.64,170.0,36.27
17416,282,30,7,6838.34,4.68,207.5,25.63
17418,324,43,2,463.46,4.56,33.0,15.45
17419,368,12,12,4200.97,4.68,85.0,20.52
17420,374,51,3,598.83,12.48,39.6,19.96
17422,297,17,6,1853.13,2.32,60.0,16.92
17423,218,47,2,663.63,10.2,102.0,26.86
17425,61,20,2,759.17,7.9,70.2,17.66
17426,283,9,6,5022.26,5.04,239.7,18.59
17427,72,72,1,100.8,30.0,70.8,50.4
17428,369,1,28,17078.45,2.34,302.4,52.61
17429,219,129,3,512.12,2.28,35.4,13.46
17430,366,33,2,265.76,4.56,39.0,18.98
17431,314,314,1,403.3,0.42,34.8,9.38
17432,38,19,2,365.76,1.25,31.6,7.62
17433,89,89,1,303.16,0.65,15.0,5.61
17434,86,3,7,2333.42,4.15,83.4,17.72
17436,227,2,2,216.3,15.3,45.9,24.03
17438,254,254,1,378.3,14.75,35.7,22.85
17440,248,157,3,177.1,7.02,102.0,37.28
17442,291,37,6,2210.26,5.04,49.8,16.66
17446,311,177,2,120.9,13.2,15.3,13.43
17447,72,41,2,541.53,5.04,40.56,15.04
17449,360,3,7,2503.21,0.29,30.0,9.13
17450,368,9,46,187322.17,6.84,7144.72,578.54
17451,106,2,7,1648.95,2.5,45.0,17.21
17453,65,18,2,486.72,8.7,61.2,25.62
17454,360,193,4,517.53,0.29,39.8,8.48
17455,204,204,1,131.7,11.6,19.9,16.46
17456,366,366,1,249.86,6.8,35.4,14.7
17457,340,127,5,1737.7,6.72,367.2,91.46
17458,16,16,1,316.5,1.25,17.7,5.86
17459,61,44,2,657.3,0.39,30.24,5.92
17460,374,95,6,452.63,10.2,50.4,21.46
17461,30,23,3,735.82,0.42,29.7,6.94
17462,285,61,2,662.94,9.48,102.0,25.03
17463,314,17,5,1860.81,0.85,35.7,9.02
17464,159,159,1,289.96,2.85,71.4,32.22
17466,79,11,2,763.28,5.04,38.25,18.62
17468,15,11,2,137.0,17.0,30.0,27.4
17469,205,17,5,1843.06,9.9,49.5,21.26
17470,368,45,5,1125.07,2.88,47.7,14.42
17472,300,192,3,697.54,0.29,20.4,4.01
17475,80,80,1,194.37,5.04,26.1,13.88
17480,78,78,1,506.51,9.96,39.6,17.65
17481,94,4,4,1249.34,4.68,46.8,15.31
17483,184,66,3,414.04,10.2,39.6,19.72
17486,262,262,1,396.87,5.04,25.2,16.54
17489,213,59,2,376.64,5.04,30.0,12.99
17490,177,1,7,1926.88,1.65,131.4,27.53
17491,368,2,10,3541.92,6.8,152.64,32.65
17492,249,249,1,374.57,10.2,67.5,31.21
17495,39,8,2,497.56,9.96,35.4,18.43
17496,359,359,1,271.05,9.0,37.2,27.1
17498,76,76,1,272.22,6.96,29.7,16.01
17499,290,290,1,622.88,5.04,40.8,15.57
17500,30,18,3,1138.0,16.5,510.0,227.6
17501,221,221,2,288.6,9.9,25.5,16.03
17502,30,10,4,689.1,10.2,40.56,24.61
17503,39,3,2,558.96,4.56,53.1,14.71
17504,323,207,9,2745.28,4.95,122.4,23.6
17505,206,162,2,1145.84,5.04,68.0,22.04
17506,76,76,1,294.29,10.5,31.6,21.59
17507,310,262,2,605.58,1.25,23.4,6.88
17509,64,58,8,6069.24,6.64,30.0,16.71
17510,25,25,1,308.48,5.04,25.5,15.42
17511,374,3,31,88125.38,1.17,745.0,94.56
17512,302,29,10,2920.04,7.8,138.24,27.86
17513,73,73,1,513.2,30.0,199.2,85.53
17514,129,129,1,208.65,1.26,16.6,5.22
17515,319,32,4,639.02,1.69,25.5,7.35
17516,286,16,5,764.88,0.55,20.65,5.67
17517,309,309,1,153.94,5.04,25.5,13.99
17519,369,18,6,1839.07,4.25,89.1,22.49
17520,54,54,1,546.81,4.56,34.0,18.23
17521,200,30,3,721.96,5.04,39.6,16.07
17522,219,2,5,1070.71,0.65,93.6,14.67
17523,20,12,4,652.74,1.25,217.5,19.78
17524,362,362,1,145.0,8.25,37.8,24.17
17525,360,360,1,422.7,22.5,102.0,46.97
17526,366,5,4,706.7,10.5,262.8,62.94
17527,219,54,4,888.86,6.2,63.75,19.99
17528,72,2,8,3540.1,0.39,101.7,14.34
17530,366,2,10,2367.12,0.55,39.8,6.07
17531,191,191,1,293.45,10.5,39.6,21.19
17534,54,54,1,223.36,10.5,39.6,24.82
17535,281,281,1,164.4,10.2,17.7,12.65
17536,178,178,1,76.5,25.5,25.5,25.5
17537,304,30,2,887.67,0.18,40.8,12.0
17538,26,26,1,98.42,5.76,16.6,10.94
17540,317,25,2,570.4,12.6,59.4,23.16
17542,270,270,1,170.75,0.55,26.4,6.83
17545,44,44,3,642.32,0.3,102.0,4.56
17549,52,24,2,148.86,6.96,47.7,24.81
17550,244,198,3,267.16,0.85,59.8,6.36
17551,360,360,1,290.34,1.25,30.0,7.44
17552,373,61,4,909.96,9.36,45.0,18.99
17553,130,130,1,1487.6,237.6,1250.0,743.8
17554,149,2,5,1952.45,0.39,76.32,22.19
17555,335,20,2,480.31,0.84,17.34,4.57
17556,206,206,1,157.9,10.5,75.0,26.32
17557,82,15,3,541.46,1.65,59.4,15.93
17560,311,95,4,854.95,10.2,82.5,32.88
17561,20,20,1,165.12,0.19,15.12,3.67
17562,174,15,7,1107.38,3.36,49.8,17.82
17564,81,25,3,454.01,2.9,25.5,9.27
17566,26,9,2,869.77,0.65,39.6,6.13
17567,373,8,8,4012.56,6.96,232.0,26.25
17569,333,333,1,344.14,1.45,40.56,11.87
17571,299,51,4,1425.67,0.12,45.0,5.26
17572,374,72,4,226.75,13.05,26.1,18.9
17573,94,30,3,362.9,6.96,30.24,15.22
17574,243,243,1,185.65,15.0,35.7,23.21
17576,366,9,19,3399.93,0.29,51.0,8.87
17578,219,219,1,124.74,16.5,46.8,28.69
17579,180,5,3,440.2,0.95,30.0,8.98
17580,359,253,3,215.72,0.58,47.7,4.79
17581,373,1,25,10716.31,4.68,195.0,25.11
17582,237,237,1,175.27,0.65,60.0,6.04
17584,128,8,2,1227.3,6.25,120.0,35.49
17585,339,110,4,1116.68,0.29,41.5,5.37
17588,233,101,3,1240.2,9.12,264.0,53.92
17589,241,61,4,2404.17,0.39,74.25,9.5
17590,41,3,3,1468.02,0.38,49.5,7.49
17591,368,74,7,2192.72,0.55,75.6,14.04
17593,353,4,5,3908.08,0.55,79.8,18.51
17594,255,86,2,993.18,8.5,39.6,19.86
17595,38,13,2,386.69,0.39,34.68,4.72
17596,369,24,7,2806.69,0.29,142.8,10.59
17597,214,214,1,2044.37,5.04,207.5,37.17
17600,18,18,1,161.67,2.5,19.8,12.44
17601,240,240,1,116.01,2.1,30.0,12.89
17602,325,3,6,5002.22,0.55,252.0,9.17
17604,313,218,2,309.36,1.1,17.4,4.91
17608,34,34,2,191.99,0.19,11.8,3.43
17609,328,41,5,1097.48,0.65,33.9,4.75
17611,362,8,15,3924.77,0.29,46.0,6.99
17612,298,54,6,1992.76,2.88,179.0,15.17
17613,306,23,14,4494.77,0.85,124.8,14.85
17614,58,58,1,386.32,0.42,18.72,3.94
17615,223,131,3,329.6,9.9,88.8,23.54
17616,368,174,3,571.2,81.6,326.4,190.4
17618,363,6,3,930.28,1.45,79.9,13.88
17619,313,313,1,214.37,0.42,15.9,2.9
17620,60,60,1,81.44,6.64,34.0,20.36
17621,355,22,3,1336.1,10.08,122.4,53.07
17623,33,33,1,527.05,5.8,47.7,15.97
17624,219,15,2,843.48,6.96,35.8,16.87
17625,258,19,4,2020.4,0.39,59.0,6.6
17628,82,82,1,75.75,13.2,19.8,15.15
17629,360,6,8,1784.12,0.42,85.0,14.75
17630,233,170,2,503.6,9.95,39.95,19.37
17631,233,2,3,528.33,2.9,19.8,13.55
17633,121,32,4,1242.34,5.04,67.5,18.93
17634,338,37,9,2358.59,0.58,119.0,7.97
17636,20,20,1,265.93,6.96,20.8,14.28
17637,116,32,2,547.06,5.04,25.5,15.63
17639,277,277,1,108.5,0.95,30.0,15.5
17640,87,87,1,621.66,53.1,236.88,124.33
17642,177,120,2,712.29,5.04,45.0,17.81
17643,374,374,1,101.55,10.2,15.9,12.69
17644,261,2,11,2768.98,1.65,74.0,18.44
17646,366,220,3,995.66,9.95,59.4,19.77
17647,66,66,1,133.06,14.85,24.96,19.01
17648,250,61,4,1789.55,6.72,52.02,19.75
17649,139,139,1,861.74,6.8,25.5,16.7
17650,22,22,1,166.08,10.08,34.65,20.76
17651,178,12,10,3886.67,2.88,65.4,17.0
17652,282,26,12,4737.13,1.44,69.12,18.79
17653,121,37,4,1175.88,6.96,211.2,27.44
17654,278,278,1,117.55,1.25,19.9,5.34
17655,367,11,7,2571.74,7.8,197.1,29.0
17656,129,74,5,1674.69,4.56,89.5,20.42
17658,212,26,2,485.88,9.36,61.2,31.34
17659,373,18,12,2954.75,4.68,53.1,18.98
17660,142,142,1,178.75,0.21,49.8,4.7
17663,288,26,7,1788.27,9.96,59.95,20.96
17664,213,19,2,604.64,5.04,40.8,14.06
17666,66,4,2,728.16,9.9,99.0,40.45
17667,299,67,5,2055.51,6.72,51.0,17.72
17668,39,2,2,347.75,12.75,44.85,23.18
17669,250,43,7,3406.72,6.8,179.0,50.1
17670,228,228,1,205.7,12.5,31.8,18.7
17671,366,16,4,1284.08,4.56,232.0,29.67
17672,310,51,2,3106.62,5.04,252.0,28.89
17673,321,2,6,1588.07,0.84,69.0,7.32
17674,369,75,2,551.04,5.04,152.64,20.41
17675,368,2,31,20098.1,4.68,163.2,28.9
17676,367,5,6,1366.77,8.5,50.4,17.81
17677,369,2,30,16201.37,2.88,249.0,53.95
17678,264,264,1,298.11,10.5,31.2,18.63
17679,86,53,2,1992.11,22.5,178.4,66.4
17680,24,24,1,184.4,8.5,33.2,16.76
17682,369,11,6,2459.33,6.72,39.6,20.97
17684,44,44,1,239.41,4.56,24.75,15.96
17685,373,17,7,3155.83,1.26,174.0,24.85
17686,303,8,7,5739.46,4.68,81.6,20.07
17690,374,31,15,4717.3,1.25,250.0,18.76
17691,369,359,2,290.4,10.2,17.7,15.28
17692,360,128,4,733.44,2.55,45.0,16.11
17693,138,138,1,187.02,2.88,17.4,12.53
17694,142,142,1,283.12,6.8,34.0,18.87
17695,172,132,2,765.34,6.96,118.8,21.87
17696,365,39,8,2201.05,5.04,97.8,19.88
17697,237,237,1,338.95,10.9,39.6,17.84
17698,261,261,1,154.95,11.7,30.0,19.37
17700,282,17,4,2508.89,2.9,81.6,17.85
17701,253,253,1,417.95,14.85,31.8,17.41
17702,207,31,4,1719.72,2.88,179.0,24.65
17703,139,36,3,798.74,5.04,24.96,14.52
17704,240,169,2,885.19,4.56,99.0,28.55
17705,302,4,9,1781.12,7.9,51.0,17.7
17706,367,5,17,10097.37,0.95,150.0,27.5
17707,337,186,2,152.4,15.0,51.0,30.48
17708,325,188,2,263.33,1.25,30.6,7.74
17709,170,170,1,137.45,9.9,49.95,19.64
17711,290,11,2,385.1,4.56,30.0,16.74
17712,45,45,1,522.91,7.8,79.9,18.03
17714,321,321,1,153.0,15.0,17.7,15.3
17715,201,201,1,326.4,326.4,326.4,326.4
17716,268,23,11,5505.79,6.8,102.0,23.09
17718,233,233,1,139.35,12.6,30.0,23.22
17719,256,38,15,5367.8,2.88,90.0,19.69
17720,368,27,4,1195.94,9.96,102.0,23.92
17722,367,97,4,2380.64,4.56,306.0,21.08
17723,215,128,6,3276.4,29.5,830.0,327.64
17724,139,72,3,995.65,11.7,89.1,25.82
17725,268,17,11,3371.13,4.56,88.8,17.91
17727,16,16,1,1042.55,6.64,27.0,16.06
17728,87,4,3,2515.68,8.3,29.7,17.43
17730,327,4,13,5288.83,3.48,204.0,24.3
17731,184,80,4,878.2,7.8,39.6,18.51
17732,373,373,1,303.97,10.2,19.9,16.89
17733,262,39,2,692.19,6.96,101.88,19.78
17734,234,54,3,700.63,5.04,39.6,16.29
17735,368,3,19,13110.02,0.19,104.04,19.0
17736,114,10,3,337.49,5.04,39.95,15.1
17737,59,10,2,168.24,10.2,30.6,16.82
17738,283,20,4,1863.35,4.56,102.0,19.37
17739,361,12,7,2786.05,14.85,212.4,59.39
17742,333,114,2,355.11,11.9,70.8,23.67
17744,359,4,6,2291.08,4.56,60.0,17.08
17746,241,241,1,98.8,9.95,31.6,18.38
17747,113,113,1,64.65,71.4,71.4,71.4
17749,257,179,2,674.52,4.95,79.2,19.27
17750,165,6,9,1710.45,0.21,40.32,9.3
17752,360,360,1,80.64,80.64,80.64,80.64
17754,261,1,5,1632.31,0.85,179.0,18.7
17757,373,2,30,5573.59,0.42,252.0,7.56
17758,251,20,8,3408.2,0.42,34.0,8.44
17759,170,18,3,819.96,0.42,37.44,9.11
17760,374,22,2,287.59,2.25,30.6,11.5
17761,33,33,1,712.78,6.96,175.2,37.51
17763,264,264,1,15.0,15.0,15.0,15.0
17764,212,51,2,772.55,0.72,45.0,10.88
17765,257,159,3,367.63,0.85,24.9,6.56
17767,16,16,1,271.2,3.75,25.2,12.91
17768,167,9,3,2081.9,0.95,100.8,21.24
17769,321,13,10,3920.08,0.55,85.92,13.02
17770,283,199,5,1143.27,0.95,102.0,30.09
17771,324,57,2,245.81,0.42,10.5,4.55
17772,11,11,2,173.45,0.42,14.95,3.47
17774,306,97,4,1203.78,0.39,25.5,7.93
17775,255,255,1,56.4,15.6,20.4,18.8
17777,101,25,3,647.56,0.19,12.48,3.41
17779,144,22,3,633.92,0.95,49.5,8.03
17781,254,160,2,188.02,0.84,89.25,15.67
17783,248,73,2,283.47,0.55,12.5,4.23
17785,54,54,1,131.94,1.95,23.6,10.15
17786,318,86,2,266.85,0.39,15.12,3.92
17787,372,153,4,1817.54,1.25,67.5,14.2
17788,130,74,2,1117.9,3.25,826.2,223.58
17789,282,282,1,225.9,5.9,35.4,16.14
17790,365,27,14,1964.3,0.95,58.0,10.39
17791,30,30,1,106.1,3.75,19.8,10.61
17793,26,26,1,300.34,0.42,30.24,5.78
17795,265,180,2,342.83,1.1,25.2,7.62
17796,370,41,4,690.0,0.85,39.6,8.52
17797,183,23,3,780.43,0.42,39.8,7.03
17799,362,23,10,3009.32,0.65,50.85,7.52
17800,335,38,9,1187.21,0.65,60.0,11.53
17802,373,83,3,1251.84,0.55,70.8,9.18
17805,74,74,1,512.31,2.1,184.32,51.23
17806,12,12,1,546.04,2.1,50.0,12.7
17809,374,17,12,4627.62,0.95,425.0,88.72
17811,334,5,39,7601.8,0.19,204.0,9.37
17812,369,13,4,699.81,0.38,30.0,5.26
17813,72,15,5,1641.79,0.29,39.8,4.88
17816,366,37,4,36.56,0.42,5.1,2.15
17817,278,5,3,387.68,0.83,195.0,11.75
17819,372,72,7,3661.07,1.1,350.4,77.18
17824,52,52,1,298.4,10.08,41.76,22.95
17827,365,6,5,1987.33,0.19,50.8,9.24
17830,289,2,3,398.7,9.95,31.8,17.33
17831,34,34,1,35.4,17.7,17.7,17.7
17832,50,50,1,155.37,0.29,14.85,2.55
17835,24,3,3,342.24,0.79,30.0,5.8
17836,48,48,1,110.21,0.38,29.7,4.59
17837,164,43,8,1508.38,0.42,59.7,9.51
17838,373,27,5,2267.4,3.3,125.0,23.25
17839,43,43,1,318.15,0.42,19.8,6.12
17841,374,2,124,39869.05,0.29,349.5,5.28
17843,304,304,1,205.48,0.85,15.0,5.55
17846,86,86,1,2033.1,2033.1,2033.1,2033.1
17848,359,82,9,901.2,0.57,148.72,17.67
17849,334,219,4,605.8,0.95,79.9,23.3
17850,374,373,34,5303.48,6.36,107.25,18.15
17852,12,12,2,114.34,1.25,8.3,4.76
17854,228,186,2,311.26,1.95,102.0,20.75
17855,373,373,1,208.97,5.04,30.0,12.29
17856,282,2,4,1393.79,5.9,433.92,94.54
17857,366,5,23,26763.34,5.5,1695.0,497.76
17858,370,6,12,5140.66,1.1,163.2,26.09
17859,305,305,1,141.92,0.21,39.6,6.17
17860,369,369,1,226.45,0.65,31.8,4.35
17861,320,4,8,2056.28,0.39,61.2,9.58
17862,324,324,1,330.9,8.5,90.0,30.08
17863,370,60,6,3160.0,5.04,102.0,21.35
17864,276,13,3,554.85,0.55,25.5,6.16
17865,365,31,20,10158.54,1.25,285.6,28.45
17866,143,143,1,325.7,15.3,75.0,36.63
17867,289,31,6,583.52,0.19,561.6,17.03
17869,369,108,5,428.18,0.42,45.0,10.7
17870,367,3,12,1860.94,0.29,326.4,6.91
17871,205,205,1,155.9,2.88,33.0,15.59
17873,374,81,5,1754.16,1.95,129.38,43.0
17874,256,186,6,658.26,2.08,76.45,14.86
17877,171,171,1,237.61,2.1,79.6,19.8
17878,44,44,1,379.45,4.68,47.2,14.59
17879,174,174,1,178.52,1.16,129.36,29.75
17880,365,365,1,458.92,10.08,30.6,17.65
17881,305,305,1,133.35,4.95,55.8,16.67
17883,247,4,4,664.34,0.21,51.0,4.68
17884,372,4,4,695.07,0.42,42.5,6.15
17885,13,13,1,156.34,0.42,11.7,2.95
17886,250,32,3,869.28,0.39,118.8,8.52
17887,130,130,1,111.35,1.65,39.9,11.14
17888,358,22,8,515.73,0.95,72.0,11.02
17889,323,213,2,201.37,0.42,47.6,10.07
17890,362,323,2,586.89,0.85,30.0,6.45
17891,163,163,1,203.86,1.25,20.4,6.0
17892,156,57,3,244.1,0.85,91.8,8.72
17893,226,226,1,107.21,1.65,21.0,7.15
17894,367,72,8,1118.96,0.39,149.25,5.83
17895,45,45,1,95.45,1.56,15.0,6.36
17896,24,24,1,256.32,103.68,152.64,128.16
17897,374,173,3,516.31,0.42,79.9,5.02
17898,208,86,2,152.06,0.42,15.3,5.43
17899,160,160,1,154.55,0.42,17.4,4.99
17900,191,191,2,15.0,15.0,34.8,18.7
17901,30,30,1,110.38,0.39,16.95,5.81
17904,22,22,1,168.32,0.85,29.85,5.33
17905,374,72,4,798.99,1.25,181.25,24.21
17906,248,248,1,72.9,1.65,16.95,6.08
17908,374,374,1,232.03,0.42,19.05,4.3
17911,10,10,1,366.23,1.25,29.88,9.39
17912,365,311,5,294.66,0.95,34.0,8.38
17913,356,59,2,408.65,0.85,33.2,7.05
17914,4,4,1,329.36,0.39,27.84,4.39
17917,363,46,3,335.03,0.8,16.95,3.64
17919,89,89,1,1304.04,10.08,238.8,56.7
17920,374,5,17,4119.5,0.12,76.5,6.19
17921,267,65,4,820.23,0.42,25.0,5.78
17923,283,283,1,207.5,207.5,207.5,207.5
17924,374,12,7,2894.33,21.0,367.2,95.56
17925,373,373,1,244.08,244.08,244.08,244.08
17926,204,134,2,397.29,2.88,35.7,18.92
17928,247,46,2,212.54,0.84,71.4,9.24
17929,309,12,4,834.5,98.1,272.0,168.6
17930,240,36,5,1740.48,7.44,201.6,44.63
17931,256,135,2,408.36,0.42,69.96,6.28
17932,212,30,3,1331.57,5.04,25.5,14.8
17934,59,52,2,704.25,6.96,105.0,33.54
17935,142,139,2,145.79,0.55,20.1,5.03
17936,6,6,1,380.13,0.29,48.75,5.28
17937,363,9,7,4301.22,21.6,261.6,100.03
17939,160,160,1,99.14,0.39,25.2,8.26
17940,303,50,10,1897.18,54.0,1867.86,223.34
17941,131,131,1,304.56,139.2,165.36,152.28
17942,8,8,1,77.5,1.9,75.6,38.75
17946,260,234,2,149.58,1.25,49.9,7.48
17947,38,38,1,176.68,5.04,42.96,19.63
17948,148,148,1,358.56,358.56,358.56,358.56
17949,372,2,45,52750.84,23.2,4401.0,835.86
17950,366,73,3,472.12,0.21,37.5,6.79
17951,374,40,3,990.84,6.96,177.6,50.43
17954,372,6,12,2276.78,0.39,60.48,4.85
17955,220,199,4,557.3,1.45,163.2,29.33
17956,250,250,1,12.75,12.75,12.75,12.75
17957,67,67,1,111.68,0.42,10.5,3.6
17958,117,117,1,508.46,4.16,372.3,72.64
17960,172,172,1,73.78,0.42,20.65,2.84
17961,373,22,39,1296.44,0.29,125.0,5.21
17962,143,143,1,102.41,0.38,10.44,3.01
17964,373,32,2,463.21,0.42,29.75,4.73
17965,370,38,14,2599.19,0.42,31.8,8.0
17966,262,38,5,1098.43,0.78,72.0,16.15
17967,372,372,1,112.27,0.21,19.9,2.67
17968,374,374,1,265.1,0.29,13.52,3.27
17969,362,167,2,228.2,0.95,75.0,16.3
17970,212,212,1,562.79,4.2,102.0,19.41
17972,242,242,1,135.19,0.85,15.95,4.51
17973,52,52,1,337.04,5.76,49.8,22.47
17974,220,25,3,703.99,0.24,30.0,4.27
17975,367,16,13,4388.06,0.42,98.1,15.3
17976,373,373,1,321.79,0.65,31.75,5.65
17977,30,30,1,288.14,2.34,79.8,13.72
17978,366,366,1,300.92,2.55,155.52,25.08
17979,260,36,4,712.51,0.39,54.08,5.31
17980,360,166,3,811.45,0.55,127.2,27.05
17984,146,146,1,152.68,0.42,15.8,3.18
17985,23,23,1,631.35,1.8,69.5,30.06
17986,57,57,1,20.8,20.8,20.8,20.8
17987,186,186,1,198.57,1.68,40.8,15.27
17988,327,12,7,191.17,0.29,39.95,5.29
17990,362,237,3,630.84,10.08,46.5,21.75
17991,227,226,2,93.35,2.95,59.0,18.67
17994,291,122,4,626.09,0.84,75.0,8.54
17995,282,282,1,76.1,23.6,52.5,38.05
17997,165,75,8,1503.09,0.29,97.8,11.97
17999,367,38,2,380.39,0.38,19.8,4.18
18001,87,13,2,415.13,0.55,40.56,7.28
18004,363,363,1,157.92,0.84,15.9,4.27
18005,48,4,2,226.47,0.38,25.5,4.27
18006,24,24,1,444.68,1.95,100.0,20.21
18008,319,71,9,2116.19,0.84,615.0,70.54
18009,236,236,1,242.29,1.25,23.8,7.98
18010,257,257,1,174.8,1.9,63.6,12.49
18011,374,374,1,102.79,0.85,12.75,3.67
18013,156,156,2,187.29,0.95,23.4,6.04
18014,29,29,1,162.22,1.25,27.04,5.41
18015,5,5,1,120.03,0.21,7.8,2.61
18016,365,33,5,1477.66,1.7,42.5,12.11
18017,311,82,3,523.0,165.0,179.0,174.33
18018,200,109,2,122.14,0.42,29.95,4.21
18019,52,52,1,38.45,3.75,9.95,7.69
18022,36,36,1,612.72,0.3,27.84,3.74
18024,153,153,2,236.78,0.39,153.0,18.56
18027,99,99,1,115.31,0.85,15.3,5.49
18030,43,5,2,220.7,2.5,88.5,25.63
18032,335,335,1,73.5,12.6,19.8,14.7
18033,66,66,1,93.82,0.29,6.84,2.84
18034,22,22,2,418.68,0.39,31.2,3.81
18035,44,36,3,713.89,0.39,78.0,14.57
18036,246,33,3,403.12,0.65,30.6,4.29
18037,363,155,6,70.02,0.42,19.95,3.69
18040,246,20,2,357.2,8.5,35.4,18.8
18041,373,12,21,4075.12,0.21,102.0,8.95
18042,54,54,1,165.05,7.5,71.7,23.58
18043,367,25,3,529.29,0.42,23.9,4.6
18044,361,5,10,2085.65,5.04,76.5,16.45
18045,46,46,1,178.34,0.29,10.5,4.15
18048,204,204,2,172.29,0.95,76.32,24.61
18050,360,360,1,74.4,8.5,23.4,14.88
18053,71,71,1,297.07,7.54,35.4,15.0
18055,370,8,10,6729.29,0.85,127.5,18.89
18056,289,289,1,363.65,7.5,35.95,19.14
18058,10,10,1,170.16,6.96,81.6,56.72
18059,68,24,3,296.71,9.12,53.1,17.03
18061,367,22,10,2119.41,5.04,228.96,46.07
18062,338,174,3,720.52,13.92,75.6,26.69
18064,236,134,2,814.0,15.0,204.0,116.29
18065,365,6,14,2380.08,6.6,35.7,17.47
18066,76,76,1,318.0,15.0,70.8,31.8
18067,41,41,1,396.33,0.85,39.8,10.71
18068,290,290,1,101.7,101.7,101.7,101.7
18069,328,27,5,1994.39,0.38,34.5,4.4
18071,366,258,2,453.0,7.5,45.0,18.12
18073,198,115,12,3846.74,7.8,305.28,53.61
18074,374,374,1,489.6,15.8,102.0,37.66
18075,361,24,10,2538.72,2.88,70.8,18.39
18077,367,9,11,2584.41,0.83,85.92,11.59
18078,260,218,2,336.13,0.65,76.5,11.59
18079,239,46,4,3613.15,0.85,177.6,29.38
18080,243,19,2,1231.5,390.0,841.5,615.75
18081,134,37,3,343.45,9.36,31.6,20.2
18082,26,26,1,680.84,0.42,30.0,9.73
18084,17,17,1,87.53,90.48,90.48,90.48
18085,374,331,2,689.95,7.8,79.2,23.79
18086,275,275,1,101.34,6.96,19.8,14.48
18087,291,99,2,3770.12,852.8,3202.92,2027.86
18088,62,62,1,166.03,0.19,17.7,4.49
18092,366,3,11,9065.76,15.3,432.0,101.89
18093,303,94,4,2083.42,10.2,183.6,58.51
18094,292,82,7,3017.3,6.6,432.0,43.1
18095,333,313,2,580.05,9.95,106.2,27.62
18096,64,12,3,849.06,0.29,39.6,4.33
18097,355,8,6,2657.45,5.04,108.48,25.12
18099,128,128,1,168.31,2.2,24.96,8.86
18101,144,12,2,222.4,0.83,29.85,5.56
18102,368,1,60,256438.49,3.26,3828.0,602.45
18104,38,38,1,754.64,6.96,35.7,19.86
18105,38,38,1,113.48,0.75,35.4,6.3
18106,330,330,1,421.9,0.85,81.6,11.4
18108,255,255,1,264.65,8.7,23.6,15.94
18109,370,2,26,7877.27,0.55,240.9,18.15
18110,20,20,1,168.55,0.95,19.8,5.37
18112,167,13,2,352.69,0.85,31.25,13.56
18113,369,369,1,76.32,76.32,76.32,76.32
18114,291,291,1,220.1,1.3,24.95,7.86
18116,365,68,8,1403.11,0.12,44.46,3.78
18117,26,26,1,315.65,0.39,28.08,4.38
18118,370,11,26,5567.03,0.29,72.0,4.45
18119,368,368,1,180.7,0.42,56.1,6.23
18120,215,215,1,111.15,2.1,19.9,6.54
18121,155,150,2,653.3,1.25,50.0,21.07
18122,151,9,6,1793.06,0.39,39.95,5.02
18123,32,25,2,574.44,6.24,81.6,16.9
18125,317,30,4,1130.1,0.55,40.8,5.89
18126,61,61,1,200.92,0.4,30.0,3.86
18127,134,20,3,347.08,0.39,25.5,7.55
18129,244,244,1,112.55,1.5,25.5,8.04
18130,58,16,3,1045.74,6.96,30.0,15.13
18133,213,213,1,715.5,931.5,931.5,931.5
18135,191,30,5,681.91,1.45,171.84,34.1
18136,320,64,3,761.83,9.96,59.4,20.64
18138,296,296,1,152.65,7.5,47.7,19.08
18139,19,18,6,8393.22,10.5,622.5,53.07
18142,216,158,2,1014.9,15.0,254.4,67.97
18143,142,117,2,1000.16,6.96,35.4,16.4
18144,374,8,12,2888.75,7.5,232.0,67.18
18145,313,13,4,2861.55,1.25,45.0,12.95
18146,221,141,2,160.35,13.2,23.4,16.04
18147,109,46,2,179.34,9.36,39.6,25.62
18149,274,51,3,612.08,0.95,135.2,38.25
18150,202,33,3,566.58,10.08,30.0,15.31
18151,290,135,2,653.35,9.9,29.9,17.19
18154,44,4,2,399.19,10.2,34.68,19.01
18155,292,76,3,347.82,9.9,22.5,14.86
18156,370,13,2,675.64,0.55,25.5,5.54
18158,89,10,2,451.75,8.5,23.6,13.34
18159,302,302,1,530.15,12.6,175.2,23.05
18160,201,58,2,638.06,9.96,25.2,16.36
18161,320,16,5,1612.79,6.96,63.75,20.23
18164,38,38,1,394.7,8.7,24.96,16.65
18165,178,178,1,302.46,4.56,124.8,30.25
18167,106,24,3,1355.51,11.1,65.7,37.43
18168,373,177,6,1123.74,0.84,39.8,8.92
18169,61,61,1,202.65,2.2,51.0,22.52
18170,218,34,3,980.31,6.96,102.0,25.8
18171,334,59,5,1208.51,7.8,81.12,22.8
18172,290,15,20,7490.17,10.2,326.4,40.01
18173,275,87,4,2106.84,11.9,249.0,67.96
18174,8,8,1,104.0,104.0,104.0,104.0
18176,359,359,1,448.65,7.8,33.0,15.88
18177,256,32,6,1313.62,0.55,62.4,18.37
18178,365,129,4,1573.41,8.4,33.0,16.4
18179,337,10,6,1793.17,8.2,210.0,19.92
18180,143,5,6,1843.75,4.68,38.25,15.49
18181,25,25,1,366.85,1.65,25.2,8.95
18183,275,228,2,600.52,10.2,41.6,17.08
18184,16,16,1,49.8,49.8,49.8,49.8
18185,250,250,1,304.25,10.2,38.25,17.9
18188,291,16,3,1998.49,8.4,252.0,28.18
18189,268,78,2,1084.34,7.8,35.4,16.03
18190,331,193,2,274.51,6.96,30.0,18.96
18191,262,262,1,207.8,17.0,40.8,29.69
18192,72,72,1,957.97,13.0,102.0,21.29
18193,166,166,1,212.96,1.68,22.5,15.24
18194,83,83,1,896.0,26.0,208.8,139.12
18196,291,96,2,686.63,0.39,30.0,4.94
18198,337,5,17,5083.06,2.2,305.28,34.12
18200,107,107,1,150.35,0.38,15.0,5.01
18202,312,200,3,1396.99,6.96,51.0,20.54
18203,158,158,1,160.42,1.17,54.0,8.44
18204,193,72,3,1960.95,0.42,69.36,10.29
18205,75,37,2,517.36,5.04,39.6,16.17
18209,29,29,1,139.1,13.5,25.2,17.39
18210,268,2,6,2621.38,4.68,75.6,19.56
18211,279,26,5,600.07,1.95,47.7,14.29
18212,327,327,1,216.07,0.55,23.6,6.36
18213,237,237,1,232.48,10.2,25.2,15.5
18215,90,90,1,299.34,11.7,50.4,23.03
18216,32,32,1,481.75,6.8,30.0,18.53
18217,71,30,2,621.75,4.2,46.48,20.06
18218,282,212,2,606.22,10.2,145.0,32.1
18219,369,3,10,2019.77,5.04,50.0,18.16
18220,227,227,1,297.78,152.64,152.64,152.64
18221,212,23,5,1033.31,7.8,39.6,16.28
18222,93,93,1,443.0,10.5,51.0,23.32
18223,359,5,14,6315.23,5.04,177.6,23.84
18224,264,264,1,158.95,10.2,23.8,15.9
18225,366,4,12,5356.86,1.95,138.72,20.46
18226,338,45,11,5192.1,1.45,101.76,21.6
18227,218,218,1,93.75,12.75,25.5,18.75
18228,80,57,2,769.2,12.5,83.4,26.0
18229,374,12,20,7276.9,8.5,272.0,44.37
18230,303,10,7,2716.6,6.6,162.72,32.68
18231,289,193,5,2054.67,1.65,52.2,16.84
18232,198,82,4,582.47,7.8,35.4,16.03
18233,326,326,1,440.0,440.0,440.0,440.0
18235,218,72,3,1796.48,5.04,67.8,17.27
18236,241,30,6,882.24,6.8,44.55,18.0
18237,135,3,5,987.1,8.7,34.8,16.18
18239,373,219,5,1561.61,5.04,51.0,17.75
18240,47,47,1,422.58,2.88,297.0,70.43
18241,218,10,17,2058.09,5.04,59.4,19.93
18242,214,73,4,2232.49,6.64,207.5,28.62
18245,356,8,7,2507.56,4.56,39.8,14.67
18246,234,24,2,596.1,29.5,204.0,149.02
18248,187,123,2,783.02,4.56,79.9,17.11
18249,18,18,1,95.34,6.84,15.0,11.92
18250,311,311,1,342.92,6.72,25.5,16.63
18251,88,88,1,4314.72,138.24,696.0,269.67
18252,172,51,2,518.27,0.29,39.9,5.51
18255,90,90,1,103.3,9.9,30.0,17.22
18257,297,40,8,2265.38,8.5,104.0,19.81
18259,367,25,3,2338.6,12.6,135.0,55.68
18260,359,173,6,2580.15,6.96,81.12,19.76
18261,96,44,2,324.24,9.95,19.8,15.44
18262,141,141,1,149.48,2.88,17.4,11.5
18263,253,26,3,1211.08,3.8,41.6,19.89
18265,159,73,2,801.51,9.95,37.5,17.42
18269,367,367,1,138.9,18.6,39.6,24.09
18270,267,39,2,238.95,11.4,53.2,25.74
18272,247,3,6,3064.78,6.64,67.5,18.55
18273,258,3,3,204.0,51.0,102.0,68.0
18276,44,44,1,323.36,7.9,99.0,23.99
18277,59,59,1,97.63,6.96,19.8,13.8
18278,74,74,1,173.9,10.2,29.7,19.32
18280,278,278,1,180.6,14.85,23.7,18.06
18281,181,181,1,80.82,5.04,16.95,11.55
18282,127,8,2,176.6,5.04,25.5,14.84
18283,338,4,16,2045.53,0.29,20.8,2.84
18287,202,43,3,1837.28,5.04,87.0,26.25
